episode,split,rig,n_reasons,reasons
AUTOLab+0d4edc83+2023-10-21-19h-48m-55s,test,AUTOLab+0d4edc83,1,identification (method-level): motion_sam3 masks 81 px from the lens
AUTOLab+0d4edc83+2023-10-27-19h-55m-09s,test,AUTOLab+0d4edc83,2,"calibration: raw DROID metadata exterior extrinsics wrong (relative rotation 14.7 deg off VGGT-Omega; PointWorld optimized extrinsics agree with VGGT to 2.7 deg, so PointWorld-based pipelines are unaffected) || coverage (method-level): silhouette model never initialised; motion_sam3 masks 93 px from the lens"
AUTOLab+0d4edc83+2023-10-27-20h-28m-46s,test,AUTOLab+0d4edc83,1,"coverage (method-level): 71-frame episode; three seeders produced zero rig anchors (no segment with >= 4 causally confirmed cross-view pairs), silhouette model never initialised"
AUTOLab+0d4edc83+2023-12-02-14h-17m-47s,test,AUTOLab+0d4edc83,1,coverage (method-level): silhouette model never initialised
AUTOLab+0d4edc83+2023-12-02-15h-41m-32s,test,AUTOLab+0d4edc83,1,coverage (method-level): motion_sam3 zero anchors (2 cross-view pairs); silhouette model never initialised
AUTOLab+44bb9c36+2023-11-23-10h-45m-46s,test,AUTOLab+44bb9c36,1,identification (method-level): text_arm_sam3 masks 137 px from the lens (wrong object); egomotion_verify max jump 10.07 cm
AUTOLab+44bb9c36+2023-11-23-18h-32m-23s,test,AUTOLab+44bb9c36,1,identification (method-level): motion_only 159 px and text_arm_sam3 152 px from the lens (manipulated cloth / wrong object); rounds 2-3 wrong-body segments on a chair and hanging cloth (47% of that scene's anchors in round 2)
AUTOLab+44bb9c36+2023-11-24-18h-22m-36s,test,AUTOLab+44bb9c36,1,intrinsics: episode absent from the DROID authors' intrinsics.json (both exterior serials present under other episodes; recoverable by per-serial lookup)
AUTOLab+44bb9c36+2023-11-25-11h-05m-25s,test,AUTOLab+44bb9c36,1,identification (method-level): motion_only 141 px and text_arm_sam3 188 px from the lens
AUTOLab+44bb9c36+2023-11-25-11h-39m-41s,test,AUTOLab+44bb9c36,1,intrinsics: episode absent from the DROID authors' intrinsics.json (both exterior serials present under other episodes; recoverable by per-serial lookup)
AUTOLab+44bb9c36+2023-11-25-12h-14m-46s,test,AUTOLab+44bb9c36,1,intrinsics: episode absent from the DROID authors' intrinsics.json (both exterior serials present under other episodes; recoverable by per-serial lookup)
AUTOLab+44bb9c36+2023-11-25-13h-39m-05s,test,AUTOLab+44bb9c36,1,identification (method-level): motion_only 89 px and text_arm_sam3 154 px from the lens; round-2 segments on the elbow
AUTOLab+44bb9c36+2023-11-28-09h-03m-58s,test,AUTOLab+44bb9c36,2,"identification (method-level): motion_only 2 anchors at 129 px, motion_sam3 220 px from the lens; round-2/3 wrong-body segments on the elbow and shoulder; the seeder's own verified point on the elbow at 0.58 m || tracker prepass warning: mask-centroid triangulation behind a camera (two mask sources); possible calibration inconsistency on this rig, where one exterior camera sits against the robot base"
AUTOLab+44bb9c36+2023-11-29-23h-38m-45s,test,AUTOLab+44bb9c36,2,"identification (method-level): text_arm_sam3 zero cross-view pairs, mask 309 px from the lens; motion_sam3 1 anchor || tracker prepass warning: mask-centroid triangulation behind a camera (one mask source)"
AUTOLab+44bb9c36+2023-11-30-11h-25m-20s,test,AUTOLab+44bb9c36,1,intrinsics: episode absent from the DROID authors' intrinsics.json (both exterior serials present under other episodes; recoverable by per-serial lookup)
AUTOLab+5d05c5aa+2023-07-26-16h-57m-14s,test,AUTOLab+5d05c5aa,1,intrinsics: episode absent from the DROID authors' intrinsics.json (both exterior serials present under other episodes; recoverable by per-serial lookup)
AUTOLab+5d05c5aa+2023-11-12-16h-54m-03s,test,AUTOLab+5d05c5aa,1,intrinsics: episode absent from the DROID authors' intrinsics.json (both exterior serials present under other episodes; recoverable by per-serial lookup)
AUTOLab+84bd5053+2023-11-11-08h-52m-38s,test,AUTOLab+84bd5053,1,intrinsics: episode absent from the DROID authors' intrinsics.json (both exterior serials present under other episodes; recoverable by per-serial lookup)
AUTOLab+9aed6d7a+2023-11-30-14h-48m-00s,test,AUTOLab+9aed6d7a,1,intrinsics: episode absent from the DROID authors' intrinsics.json (both exterior serials present under other episodes; recoverable by per-serial lookup)
AUTOLab+t3d58310+2023-08-12-13h-03m-32s,test,AUTOLab+t3d58310,1,intrinsics: episode absent from the DROID authors' intrinsics.json (both exterior serials present under other episodes; recoverable by per-serial lookup)
AUTOLab+t3d58310+2023-08-19-17h-41m-40s,test,AUTOLab+t3d58310,1,intrinsics: episode absent from the DROID authors' intrinsics.json (both exterior serials present under other episodes; recoverable by per-serial lookup)
CLVR+13759f6e+2023-06-13-01h-43m-49s,test,CLVR+13759f6e,1,"exterior MP4 for serial 20103212 is small (189 KB) but complete: 32 frames, store has 32 frames; NOT a fault, listed for the record"
GuptaLab+553d1bd5+2023-06-18-21h-07m-50s,test,GuptaLab+553d1bd5,1,"calibration: raw DROID metadata exterior extrinsics wrong (relative rotation 11.9 deg off VGGT-Omega; PointWorld optimized extrinsics agree with VGGT to 3.1 deg, so PointWorld-based pipelines are unaffected)"
ILIAD+50aee79f+2023-08-19-11h-23m-10s,test,ILIAD+50aee79f,1,"calibration: raw DROID metadata exterior extrinsics wrong (relative rotation 14.8 deg off VGGT-Omega; PointWorld optimized extrinsics agree with VGGT to 1.8 deg, so PointWorld-based pipelines are unaffected)"
ILIAD+5e938e3b+2023-07-17-11h-31m-36s,test,ILIAD+5e938e3b,1,"calibration: raw DROID metadata exterior extrinsics wrong (relative rotation 10.5 deg off VGGT-Omega; PointWorld optimized extrinsics agree with VGGT to 4.8 deg, so PointWorld-based pipelines are unaffected)"
ILIAD+5e938e3b+2023-07-21-22h-16m-04s,test,ILIAD+5e938e3b,1,"calibration: raw DROID metadata exterior extrinsics wrong (relative rotation 17.2 deg off VGGT-Omega; PointWorld optimized extrinsics agree with VGGT to 4.5 deg, so PointWorld-based pipelines are unaffected)"
ILIAD+7ae1bcff+2023-05-12-16h-44m-32s,test,ILIAD+7ae1bcff,1,intrinsics: episode absent from the DROID authors' intrinsics.json (both exterior serials present under other episodes; recoverable by per-serial lookup)
IPRL+5085c3ce+2023-10-14-22h-05m-10s,test,IPRL+5085c3ce,1,intrinsics: episode absent from the DROID authors' intrinsics.json (both exterior serials present under other episodes; recoverable by per-serial lookup)
IPRL+edf28ef3+2024-01-02-10h-22m-08s,test,IPRL+edf28ef3,1,intrinsics: episode absent from the DROID authors' intrinsics.json (both exterior serials present under other episodes; recoverable by per-serial lookup)
IPRL+edf28ef3+2024-01-02-10h-39m-13s,test,IPRL+edf28ef3,1,intrinsics: episode absent from the DROID authors' intrinsics.json (both exterior serials present under other episodes; recoverable by per-serial lookup)
IPRL+edf28ef3+2024-01-02-10h-50m-10s,test,IPRL+edf28ef3,1,intrinsics: episode absent from the DROID authors' intrinsics.json (both exterior serials present under other episodes; recoverable by per-serial lookup)
IPRL+edf28ef3+2024-01-02-13h-02m-06s,test,IPRL+edf28ef3,1,intrinsics: episode absent from the DROID authors' intrinsics.json (both exterior serials present under other episodes; recoverable by per-serial lookup)
IPRL+edf28ef3+2024-01-02-15h-21m-01s,test,IPRL+edf28ef3,1,intrinsics: episode absent from the DROID authors' intrinsics.json (both exterior serials present under other episodes; recoverable by per-serial lookup)
IPRL+edf28ef3+2024-01-02-22h-27m-04s,test,IPRL+edf28ef3,1,intrinsics: episode absent from the DROID authors' intrinsics.json (both exterior serials present under other episodes; recoverable by per-serial lookup)
IRIS+89b42cd2+2023-12-02-14h-24m-28s,test,IRIS+89b42cd2,1,intrinsics: episode absent from the DROID authors' intrinsics.json (both exterior serials present under other episodes; recoverable by per-serial lookup)
RAD+62828209+2023-11-26-13h-45m-02s,test,RAD+62828209,1,intrinsics: episode absent from the DROID authors' intrinsics.json (both exterior serials present under other episodes; recoverable by per-serial lookup)
RAIL+80edfcb1+2023-07-14-14h-28m-45s,test,RAIL+80edfcb1,1,"calibration: constant 3.4 deg rotation offset between the rig's body rotation and the GT wrist orientation on the 84-frame window (PointWorld world frame vs store base frame, or residual exterior calibration error); invisible to ATE/RPE"
RAIL+t3d58310+2023-08-12-15h-02m-31s,test,RAIL+t3d58310,1,intrinsics: episode absent from the DROID authors' intrinsics.json (both exterior serials present under other episodes; recoverable by per-serial lookup)
RAIL+t3d58310+2023-08-12-16h-51m-15s,test,RAIL+t3d58310,1,intrinsics: episode absent from the DROID authors' intrinsics.json (both exterior serials present under other episodes; recoverable by per-serial lookup)
RAIL+t3d58310+2023-08-12-17h-11m-35s,test,RAIL+t3d58310,1,intrinsics: episode absent from the DROID authors' intrinsics.json (both exterior serials present under other episodes; recoverable by per-serial lookup)
TRI+4b1a56cc+2023-09-05-16h-47m-08s,test,TRI+4b1a56cc,1,intrinsics: episode absent from the DROID authors' intrinsics.json (both exterior serials present under other episodes; recoverable by per-serial lookup)
TRI+52ca9b6a+2023-10-24-17h-40m-31s,test,TRI+52ca9b6a,1,"calibration: raw DROID metadata exterior extrinsics wrong (relative rotation 67.1 deg off VGGT-Omega; PointWorld optimized extrinsics agree with VGGT to 3.6 deg, so PointWorld-based pipelines are unaffected)"
TRI+52ca9b6a+2023-11-07-13h-44m-24s,test,TRI+52ca9b6a,1,"calibration: raw DROID metadata exterior extrinsics wrong (relative rotation 23.7 deg off VGGT-Omega; PointWorld optimized extrinsics agree with VGGT to 2.6 deg, so PointWorld-based pipelines are unaffected)"
TRI+52ca9b6a+2023-11-27-14h-19m-34s,test,TRI+52ca9b6a,1,intrinsics: episode absent from the DROID authors' intrinsics.json (both exterior serials present under other episodes; recoverable by per-serial lookup)
TRI+52ca9b6a+2023-12-11-11h-52m-46s,test,TRI+52ca9b6a,1,"calibration: raw DROID metadata exterior extrinsics wrong (relative rotation 12.1 deg off VGGT-Omega; PointWorld optimized extrinsics agree with VGGT to 1.9 deg, so PointWorld-based pipelines are unaffected)"
TRI+52ca9b6a+2024-01-25-16h-02m-47s,test,TRI+52ca9b6a,1,"calibration: raw DROID metadata exterior extrinsics wrong (relative rotation 32.0 deg off VGGT-Omega; PointWorld optimized extrinsics agree with VGGT to 3.7 deg, so PointWorld-based pipelines are unaffected)"
TRI+52ca9b6a+2024-01-29-14h-57m-13s,test,TRI+52ca9b6a,1,intrinsics: episode absent from the DROID authors' intrinsics.json (both exterior serials present under other episodes; recoverable by per-serial lookup)
TRI+52ca9b6a+2024-01-31-16h-34m-18s,test,TRI+52ca9b6a,1,intrinsics: episode absent from the DROID authors' intrinsics.json (both exterior serials present under other episodes; recoverable by per-serial lookup)
TRI+52ca9b6a+2024-02-06-10h-35m-40s,test,TRI+52ca9b6a,1,intrinsics: episode absent from the DROID authors' intrinsics.json (both exterior serials present under other episodes; recoverable by per-serial lookup)
TRI+52ca9b6a+2024-02-06-10h-46m-18s,test,TRI+52ca9b6a,1,intrinsics: episode absent from the DROID authors' intrinsics.json (both exterior serials present under other episodes; recoverable by per-serial lookup)
TRI+52ca9b6a+2024-02-06-12h-16m-44s,test,TRI+52ca9b6a,1,"calibration: raw DROID metadata exterior extrinsics wrong (relative rotation 34.3 deg off VGGT-Omega; PointWorld optimized extrinsics agree with VGGT to 4.2 deg, so PointWorld-based pipelines are unaffected)"
TRI+52ca9b6a+2024-02-07-15h-36m-24s,test,TRI+52ca9b6a,1,"calibration: raw DROID metadata exterior extrinsics wrong (relative rotation 23.9 deg off VGGT-Omega; PointWorld optimized extrinsics agree with VGGT to 1.3 deg, so PointWorld-based pipelines are unaffected)"
TRI+7dfa2da3+2023-10-12-13h-20m-22s,test,TRI+7dfa2da3,1,intrinsics: episode absent from the DROID authors' intrinsics.json (both exterior serials present under other episodes; recoverable by per-serial lookup)
TRI+7dfa2da3+2023-10-12-13h-22m-11s,test,TRI+7dfa2da3,1,intrinsics: episode absent from the DROID authors' intrinsics.json (both exterior serials present under other episodes; recoverable by per-serial lookup)
TRI+a8754edb+2023-10-12-18h-13m-33s,test,TRI+a8754edb,1,intrinsics: episode absent from the DROID authors' intrinsics.json (both exterior serials present under other episodes; recoverable by per-serial lookup)
WEIRD+bcd0b679+2023-11-21-21h-50m-54s,test,WEIRD+bcd0b679,1,intrinsics: episode absent from the DROID authors' intrinsics.json (both exterior serials present under other episodes; recoverable by per-serial lookup)
WEIRD+bcd0b679+2023-11-29-15h-14m-00s,test,WEIRD+bcd0b679,1,intrinsics: episode absent from the DROID authors' intrinsics.json (both exterior serials present under other episodes; recoverable by per-serial lookup)
WEIRD+d5edb57c+2023-11-22-22h-21m-10s,test,WEIRD+d5edb57c,1,intrinsics: episode absent from the DROID authors' intrinsics.json (both exterior serials present under other episodes; recoverable by per-serial lookup)
WEIRD+f61abce9+2023-12-09-17h-45m-41s,test,WEIRD+f61abce9,1,"calibration: raw DROID metadata exterior extrinsics wrong (relative rotation 39.8 deg off VGGT-Omega; PointWorld optimized extrinsics agree with VGGT to 1.3 deg, so PointWorld-based pipelines are unaffected)"
AUTOLab+44bb9c36+2023-11-24-17h-36m-55s,train,AUTOLab+44bb9c36,1,intrinsics: episode absent from the DROID authors' intrinsics.json (both exterior serials present under other episodes; recoverable by per-serial lookup)
AUTOLab+44bb9c36+2023-11-24-18h-15m-47s,train,AUTOLab+44bb9c36,1,intrinsics: episode absent from the DROID authors' intrinsics.json (both exterior serials present under other episodes; recoverable by per-serial lookup)
AUTOLab+44bb9c36+2023-11-25-10h-16m-08s,train,AUTOLab+44bb9c36,1,intrinsics: episode absent from the DROID authors' intrinsics.json (both exterior serials present under other episodes; recoverable by per-serial lookup)
AUTOLab+44bb9c36+2023-11-25-10h-36m-42s,train,AUTOLab+44bb9c36,1,intrinsics: episode absent from the DROID authors' intrinsics.json (both exterior serials present under other episodes; recoverable by per-serial lookup)
AUTOLab+44bb9c36+2023-11-25-10h-40m-09s,train,AUTOLab+44bb9c36,1,intrinsics: episode absent from the DROID authors' intrinsics.json (both exterior serials present under other episodes; recoverable by per-serial lookup)
AUTOLab+44bb9c36+2023-11-25-10h-54m-01s,train,AUTOLab+44bb9c36,1,intrinsics: episode absent from the DROID authors' intrinsics.json (both exterior serials present under other episodes; recoverable by per-serial lookup)
AUTOLab+44bb9c36+2023-11-25-12h-05m-24s,train,AUTOLab+44bb9c36,1,intrinsics: episode absent from the DROID authors' intrinsics.json (both exterior serials present under other episodes; recoverable by per-serial lookup)
AUTOLab+44bb9c36+2023-11-25-12h-37m-20s,train,AUTOLab+44bb9c36,1,intrinsics: episode absent from the DROID authors' intrinsics.json (both exterior serials present under other episodes; recoverable by per-serial lookup)
AUTOLab+44bb9c36+2023-11-25-13h-02m-08s,train,AUTOLab+44bb9c36,1,intrinsics: episode absent from the DROID authors' intrinsics.json (both exterior serials present under other episodes; recoverable by per-serial lookup)
AUTOLab+44bb9c36+2023-11-25-13h-47m-07s,train,AUTOLab+44bb9c36,1,intrinsics: episode absent from the DROID authors' intrinsics.json (both exterior serials present under other episodes; recoverable by per-serial lookup)
AUTOLab+44bb9c36+2023-11-30-00h-13m-30s,train,AUTOLab+44bb9c36,1,intrinsics: episode absent from the DROID authors' intrinsics.json (both exterior serials present under other episodes; recoverable by per-serial lookup)
AUTOLab+44bb9c36+2023-11-30-11h-01m-42s,train,AUTOLab+44bb9c36,1,intrinsics: episode absent from the DROID authors' intrinsics.json (both exterior serials present under other episodes; recoverable by per-serial lookup)
AUTOLab+44bb9c36+2023-11-30-11h-12m-10s,train,AUTOLab+44bb9c36,1,intrinsics: episode absent from the DROID authors' intrinsics.json (both exterior serials present under other episodes; recoverable by per-serial lookup)
AUTOLab+44bb9c36+2023-11-30-11h-17m-52s,train,AUTOLab+44bb9c36,1,intrinsics: episode absent from the DROID authors' intrinsics.json (both exterior serials present under other episodes; recoverable by per-serial lookup)
AUTOLab+5d05c5aa+2023-07-26-16h-28m-02s,train,AUTOLab+5d05c5aa,1,intrinsics: episode absent from the DROID authors' intrinsics.json (both exterior serials present under other episodes; recoverable by per-serial lookup)
AUTOLab+5d05c5aa+2023-07-26-16h-38m-56s,train,AUTOLab+5d05c5aa,1,intrinsics: episode absent from the DROID authors' intrinsics.json (both exterior serials present under other episodes; recoverable by per-serial lookup)
AUTOLab+5d05c5aa+2023-07-26-16h-43m-06s,train,AUTOLab+5d05c5aa,1,intrinsics: episode absent from the DROID authors' intrinsics.json (both exterior serials present under other episodes; recoverable by per-serial lookup)
AUTOLab+5d05c5aa+2023-07-26-16h-44m-49s,train,AUTOLab+5d05c5aa,1,intrinsics: episode absent from the DROID authors' intrinsics.json (both exterior serials present under other episodes; recoverable by per-serial lookup)
AUTOLab+5d05c5aa+2023-07-26-16h-46m-47s,train,AUTOLab+5d05c5aa,1,intrinsics: episode absent from the DROID authors' intrinsics.json (both exterior serials present under other episodes; recoverable by per-serial lookup)
AUTOLab+5d05c5aa+2023-07-26-16h-52m-25s,train,AUTOLab+5d05c5aa,1,intrinsics: episode absent from the DROID authors' intrinsics.json (both exterior serials present under other episodes; recoverable by per-serial lookup)
AUTOLab+5d05c5aa+2023-07-26-16h-55m-07s,train,AUTOLab+5d05c5aa,1,intrinsics: episode absent from the DROID authors' intrinsics.json (both exterior serials present under other episodes; recoverable by per-serial lookup)
AUTOLab+5d05c5aa+2023-07-26-17h-03m-50s,train,AUTOLab+5d05c5aa,1,intrinsics: episode absent from the DROID authors' intrinsics.json (both exterior serials present under other episodes; recoverable by per-serial lookup)
AUTOLab+5d05c5aa+2023-07-26-17h-33m-05s,train,AUTOLab+5d05c5aa,1,intrinsics: episode absent from the DROID authors' intrinsics.json (both exterior serials present under other episodes; recoverable by per-serial lookup)
AUTOLab+5d05c5aa+2023-11-12-16h-57m-07s,train,AUTOLab+5d05c5aa,1,intrinsics: episode absent from the DROID authors' intrinsics.json (both exterior serials present under other episodes; recoverable by per-serial lookup)
AUTOLab+5d05c5aa+2023-11-12-17h-00m-03s,train,AUTOLab+5d05c5aa,1,intrinsics: episode absent from the DROID authors' intrinsics.json (both exterior serials present under other episodes; recoverable by per-serial lookup)
AUTOLab+5d05c5aa+2023-11-12-17h-02m-11s,train,AUTOLab+5d05c5aa,1,intrinsics: episode absent from the DROID authors' intrinsics.json (both exterior serials present under other episodes; recoverable by per-serial lookup)
AUTOLab+5d05c5aa+2023-11-12-17h-17m-34s,train,AUTOLab+5d05c5aa,1,intrinsics: episode absent from the DROID authors' intrinsics.json (both exterior serials present under other episodes; recoverable by per-serial lookup)
AUTOLab+5d05c5aa+2023-11-12-17h-22m-28s,train,AUTOLab+5d05c5aa,1,intrinsics: episode absent from the DROID authors' intrinsics.json (both exterior serials present under other episodes; recoverable by per-serial lookup)
AUTOLab+5d05c5aa+2023-11-12-17h-24m-16s,train,AUTOLab+5d05c5aa,1,intrinsics: episode absent from the DROID authors' intrinsics.json (both exterior serials present under other episodes; recoverable by per-serial lookup)
AUTOLab+5d05c5aa+2023-11-12-17h-28m-13s,train,AUTOLab+5d05c5aa,1,intrinsics: episode absent from the DROID authors' intrinsics.json (both exterior serials present under other episodes; recoverable by per-serial lookup)
AUTOLab+5d05c5aa+2023-11-12-17h-31m-53s,train,AUTOLab+5d05c5aa,1,intrinsics: episode absent from the DROID authors' intrinsics.json (both exterior serials present under other episodes; recoverable by per-serial lookup)
AUTOLab+5d05c5aa+2023-11-12-21h-09m-56s,train,AUTOLab+5d05c5aa,1,intrinsics: episode absent from the DROID authors' intrinsics.json (both exterior serials present under other episodes; recoverable by per-serial lookup)
AUTOLab+5d05c5aa+2023-11-12-21h-11m-31s,train,AUTOLab+5d05c5aa,1,intrinsics: episode absent from the DROID authors' intrinsics.json (both exterior serials present under other episodes; recoverable by per-serial lookup)
AUTOLab+5d05c5aa+2023-11-12-21h-18m-53s,train,AUTOLab+5d05c5aa,1,intrinsics: episode absent from the DROID authors' intrinsics.json (both exterior serials present under other episodes; recoverable by per-serial lookup)
AUTOLab+84bd5053+2023-11-11-08h-12m-28s,train,AUTOLab+84bd5053,1,intrinsics: episode absent from the DROID authors' intrinsics.json (both exterior serials present under other episodes; recoverable by per-serial lookup)
AUTOLab+84bd5053+2023-11-11-08h-15m-16s,train,AUTOLab+84bd5053,1,intrinsics: episode absent from the DROID authors' intrinsics.json (both exterior serials present under other episodes; recoverable by per-serial lookup)
AUTOLab+84bd5053+2023-11-11-08h-19m-24s,train,AUTOLab+84bd5053,1,intrinsics: episode absent from the DROID authors' intrinsics.json (both exterior serials present under other episodes; recoverable by per-serial lookup)
AUTOLab+84bd5053+2023-11-11-08h-33m-25s,train,AUTOLab+84bd5053,1,intrinsics: episode absent from the DROID authors' intrinsics.json (both exterior serials present under other episodes; recoverable by per-serial lookup)
AUTOLab+84bd5053+2023-11-11-08h-45m-20s,train,AUTOLab+84bd5053,1,intrinsics: episode absent from the DROID authors' intrinsics.json (both exterior serials present under other episodes; recoverable by per-serial lookup)
AUTOLab+84bd5053+2023-11-11-08h-48m-45s,train,AUTOLab+84bd5053,1,intrinsics: episode absent from the DROID authors' intrinsics.json (both exterior serials present under other episodes; recoverable by per-serial lookup)
AUTOLab+84bd5053+2023-11-11-09h-02m-04s,train,AUTOLab+84bd5053,1,intrinsics: episode absent from the DROID authors' intrinsics.json (both exterior serials present under other episodes; recoverable by per-serial lookup)
AUTOLab+84bd5053+2023-11-11-09h-55m-36s,train,AUTOLab+84bd5053,1,intrinsics: episode absent from the DROID authors' intrinsics.json (both exterior serials present under other episodes; recoverable by per-serial lookup)
AUTOLab+84bd5053+2023-11-11-10h-21m-07s,train,AUTOLab+84bd5053,1,intrinsics: episode absent from the DROID authors' intrinsics.json (both exterior serials present under other episodes; recoverable by per-serial lookup)
AUTOLab+84bd5053+2023-11-11-10h-29m-57s,train,AUTOLab+84bd5053,1,intrinsics: episode absent from the DROID authors' intrinsics.json (both exterior serials present under other episodes; recoverable by per-serial lookup)
AUTOLab+84bd5053+2023-11-11-10h-44m-53s,train,AUTOLab+84bd5053,1,intrinsics: episode absent from the DROID authors' intrinsics.json (both exterior serials present under other episodes; recoverable by per-serial lookup)
AUTOLab+84bd5053+2023-11-11-11h-26m-21s,train,AUTOLab+84bd5053,1,intrinsics: episode absent from the DROID authors' intrinsics.json (both exterior serials present under other episodes; recoverable by per-serial lookup)
AUTOLab+84bd5053+2023-11-11-11h-30m-28s,train,AUTOLab+84bd5053,1,intrinsics: episode absent from the DROID authors' intrinsics.json (both exterior serials present under other episodes; recoverable by per-serial lookup)
AUTOLab+84bd5053+2023-11-11-11h-57m-45s,train,AUTOLab+84bd5053,1,intrinsics: episode absent from the DROID authors' intrinsics.json (both exterior serials present under other episodes; recoverable by per-serial lookup)
AUTOLab+9aed6d7a+2023-11-30-14h-05m-23s,train,AUTOLab+9aed6d7a,1,intrinsics: episode absent from the DROID authors' intrinsics.json (both exterior serials present under other episodes; recoverable by per-serial lookup)
AUTOLab+9aed6d7a+2023-11-30-14h-08m-56s,train,AUTOLab+9aed6d7a,1,intrinsics: episode absent from the DROID authors' intrinsics.json (both exterior serials present under other episodes; recoverable by per-serial lookup)
AUTOLab+9aed6d7a+2023-11-30-14h-13m-18s,train,AUTOLab+9aed6d7a,1,intrinsics: episode absent from the DROID authors' intrinsics.json (both exterior serials present under other episodes; recoverable by per-serial lookup)
AUTOLab+9aed6d7a+2023-11-30-14h-27m-38s,train,AUTOLab+9aed6d7a,1,intrinsics: episode absent from the DROID authors' intrinsics.json (both exterior serials present under other episodes; recoverable by per-serial lookup)
AUTOLab+9aed6d7a+2023-11-30-14h-40m-33s,train,AUTOLab+9aed6d7a,1,intrinsics: episode absent from the DROID authors' intrinsics.json (both exterior serials present under other episodes; recoverable by per-serial lookup)
AUTOLab+9aed6d7a+2023-11-30-14h-43m-14s,train,AUTOLab+9aed6d7a,1,intrinsics: episode absent from the DROID authors' intrinsics.json (both exterior serials present under other episodes; recoverable by per-serial lookup)
AUTOLab+9aed6d7a+2023-11-30-14h-45m-24s,train,AUTOLab+9aed6d7a,1,intrinsics: episode absent from the DROID authors' intrinsics.json (both exterior serials present under other episodes; recoverable by per-serial lookup)
AUTOLab+9aed6d7a+2023-11-30-14h-53m-00s,train,AUTOLab+9aed6d7a,1,intrinsics: episode absent from the DROID authors' intrinsics.json (both exterior serials present under other episodes; recoverable by per-serial lookup)
AUTOLab+9aed6d7a+2023-11-30-15h-01m-08s,train,AUTOLab+9aed6d7a,1,intrinsics: episode absent from the DROID authors' intrinsics.json (both exterior serials present under other episodes; recoverable by per-serial lookup)
AUTOLab+9aed6d7a+2023-11-30-15h-02m-56s,train,AUTOLab+9aed6d7a,1,intrinsics: episode absent from the DROID authors' intrinsics.json (both exterior serials present under other episodes; recoverable by per-serial lookup)
AUTOLab+9aed6d7a+2023-11-30-15h-10m-27s,train,AUTOLab+9aed6d7a,1,intrinsics: episode absent from the DROID authors' intrinsics.json (both exterior serials present under other episodes; recoverable by per-serial lookup)
AUTOLab+9aed6d7a+2023-11-30-15h-12m-18s,train,AUTOLab+9aed6d7a,1,intrinsics: episode absent from the DROID authors' intrinsics.json (both exterior serials present under other episodes; recoverable by per-serial lookup)
AUTOLab+9aed6d7a+2023-11-30-15h-20m-18s,train,AUTOLab+9aed6d7a,1,intrinsics: episode absent from the DROID authors' intrinsics.json (both exterior serials present under other episodes; recoverable by per-serial lookup)
AUTOLab+9aed6d7a+2023-11-30-15h-39m-10s,train,AUTOLab+9aed6d7a,1,intrinsics: episode absent from the DROID authors' intrinsics.json (both exterior serials present under other episodes; recoverable by per-serial lookup)
AUTOLab+9aed6d7a+2023-11-30-15h-50m-34s,train,AUTOLab+9aed6d7a,1,intrinsics: episode absent from the DROID authors' intrinsics.json (both exterior serials present under other episodes; recoverable by per-serial lookup)
AUTOLab+9aed6d7a+2023-11-30-15h-58m-48s,train,AUTOLab+9aed6d7a,1,intrinsics: episode absent from the DROID authors' intrinsics.json (both exterior serials present under other episodes; recoverable by per-serial lookup)
AUTOLab+9aed6d7a+2023-11-30-16h-01m-12s,train,AUTOLab+9aed6d7a,1,intrinsics: episode absent from the DROID authors' intrinsics.json (both exterior serials present under other episodes; recoverable by per-serial lookup)
AUTOLab+9aed6d7a+2023-11-30-16h-31m-25s,train,AUTOLab+9aed6d7a,1,intrinsics: episode absent from the DROID authors' intrinsics.json (both exterior serials present under other episodes; recoverable by per-serial lookup)
AUTOLab+cf2a60c6+2023-11-21-09h-15m-37s,train,AUTOLab+cf2a60c6,1,intrinsics: episode absent from the DROID authors' intrinsics.json (both exterior serials present under other episodes; recoverable by per-serial lookup)
AUTOLab+cf2a60c6+2023-11-21-09h-18m-51s,train,AUTOLab+cf2a60c6,1,intrinsics: episode absent from the DROID authors' intrinsics.json (both exterior serials present under other episodes; recoverable by per-serial lookup)
AUTOLab+cf2a60c6+2023-11-27-09h-26m-31s,train,AUTOLab+cf2a60c6,1,intrinsics: episode absent from the DROID authors' intrinsics.json (both exterior serials present under other episodes; recoverable by per-serial lookup)
AUTOLab+t3d58310+2023-08-12-12h-08m-02s,train,AUTOLab+t3d58310,1,intrinsics: episode absent from the DROID authors' intrinsics.json (both exterior serials present under other episodes; recoverable by per-serial lookup)
AUTOLab+t3d58310+2023-08-12-12h-13m-59s,train,AUTOLab+t3d58310,1,intrinsics: episode absent from the DROID authors' intrinsics.json (both exterior serials present under other episodes; recoverable by per-serial lookup)
AUTOLab+t3d58310+2023-08-12-12h-17m-56s,train,AUTOLab+t3d58310,1,intrinsics: episode absent from the DROID authors' intrinsics.json (both exterior serials present under other episodes; recoverable by per-serial lookup)
AUTOLab+t3d58310+2023-08-12-12h-23m-01s,train,AUTOLab+t3d58310,1,intrinsics: episode absent from the DROID authors' intrinsics.json (both exterior serials present under other episodes; recoverable by per-serial lookup)
AUTOLab+t3d58310+2023-08-19-17h-32m-57s,train,AUTOLab+t3d58310,1,intrinsics: episode absent from the DROID authors' intrinsics.json (both exterior serials present under other episodes; recoverable by per-serial lookup)
AUTOLab+t3d58310+2023-08-19-17h-34m-51s,train,AUTOLab+t3d58310,1,intrinsics: episode absent from the DROID authors' intrinsics.json (both exterior serials present under other episodes; recoverable by per-serial lookup)
AUTOLab+t3d58310+2023-09-02-12h-26m-04s,train,AUTOLab+t3d58310,1,intrinsics: episode absent from the DROID authors' intrinsics.json (both exterior serials present under other episodes; recoverable by per-serial lookup)
ILIAD+49fe161f+2023-06-27-14h-57m-44s,train,ILIAD+49fe161f,1,intrinsics: episode absent from the DROID authors' intrinsics.json (both exterior serials present under other episodes; recoverable by per-serial lookup)
ILIAD+7ae1bcff+2023-05-05-18h-04m-04s,train,ILIAD+7ae1bcff,1,intrinsics: episode absent from the DROID authors' intrinsics.json (both exterior serials present under other episodes; recoverable by per-serial lookup)
IPRL+5085c3ce+2023-10-11-02h-02m-16s,train,IPRL+5085c3ce,1,intrinsics: episode absent from the DROID authors' intrinsics.json (both exterior serials present under other episodes; recoverable by per-serial lookup)
IPRL+5085c3ce+2023-10-11-02h-07m-45s,train,IPRL+5085c3ce,1,intrinsics: episode absent from the DROID authors' intrinsics.json (both exterior serials present under other episodes; recoverable by per-serial lookup)
IPRL+5085c3ce+2023-10-14-21h-56m-38s,train,IPRL+5085c3ce,1,intrinsics: episode absent from the DROID authors' intrinsics.json (both exterior serials present under other episodes; recoverable by per-serial lookup)
IPRL+5085c3ce+2023-10-14-22h-11m-43s,train,IPRL+5085c3ce,1,intrinsics: episode absent from the DROID authors' intrinsics.json (both exterior serials present under other episodes; recoverable by per-serial lookup)
IPRL+5085c3ce+2023-10-14-22h-13m-37s,train,IPRL+5085c3ce,1,intrinsics: episode absent from the DROID authors' intrinsics.json (both exterior serials present under other episodes; recoverable by per-serial lookup)
IPRL+5085c3ce+2023-10-14-22h-16m-01s,train,IPRL+5085c3ce,1,intrinsics: episode absent from the DROID authors' intrinsics.json (both exterior serials present under other episodes; recoverable by per-serial lookup)
IPRL+5085c3ce+2023-10-17-22h-32m-58s,train,IPRL+5085c3ce,1,intrinsics: episode absent from the DROID authors' intrinsics.json (both exterior serials present under other episodes; recoverable by per-serial lookup)
IPRL+5085c3ce+2023-10-17-22h-37m-16s,train,IPRL+5085c3ce,1,intrinsics: episode absent from the DROID authors' intrinsics.json (both exterior serials present under other episodes; recoverable by per-serial lookup)
IPRL+5085c3ce+2023-10-17-22h-51m-39s,train,IPRL+5085c3ce,1,intrinsics: episode absent from the DROID authors' intrinsics.json (both exterior serials present under other episodes; recoverable by per-serial lookup)
IPRL+5085c3ce+2023-10-19-21h-49m-53s,train,IPRL+5085c3ce,1,intrinsics: episode absent from the DROID authors' intrinsics.json (both exterior serials present under other episodes; recoverable by per-serial lookup)
IPRL+89b42cd2+2023-11-24-19h-51m-01s,train,IPRL+89b42cd2,1,intrinsics: episode absent from the DROID authors' intrinsics.json (both exterior serials present under other episodes; recoverable by per-serial lookup)
IPRL+89b42cd2+2023-11-24-20h-04m-56s,train,IPRL+89b42cd2,1,intrinsics: episode absent from the DROID authors' intrinsics.json (both exterior serials present under other episodes; recoverable by per-serial lookup)
IPRL+89b42cd2+2023-11-24-20h-49m-39s,train,IPRL+89b42cd2,1,intrinsics: episode absent from the DROID authors' intrinsics.json (both exterior serials present under other episodes; recoverable by per-serial lookup)
IPRL+89b42cd2+2023-11-27-17h-27m-46s,train,IPRL+89b42cd2,1,intrinsics: episode absent from the DROID authors' intrinsics.json (both exterior serials present under other episodes; recoverable by per-serial lookup)
IPRL+c850f181+2023-06-17-11h-59m-17s,train,IPRL+c850f181,1,intrinsics: episode absent from the DROID authors' intrinsics.json (both exterior serials present under other episodes; recoverable by per-serial lookup)
IPRL+edf28ef3+2024-01-02-09h-30m-39s,train,IPRL+edf28ef3,1,intrinsics: episode absent from the DROID authors' intrinsics.json (both exterior serials present under other episodes; recoverable by per-serial lookup)
IPRL+edf28ef3+2024-01-02-09h-37m-24s,train,IPRL+edf28ef3,1,intrinsics: episode absent from the DROID authors' intrinsics.json (both exterior serials present under other episodes; recoverable by per-serial lookup)
IPRL+edf28ef3+2024-01-02-09h-40m-16s,train,IPRL+edf28ef3,1,intrinsics: episode absent from the DROID authors' intrinsics.json (both exterior serials present under other episodes; recoverable by per-serial lookup)
IPRL+edf28ef3+2024-01-02-09h-43m-50s,train,IPRL+edf28ef3,1,intrinsics: episode absent from the DROID authors' intrinsics.json (both exterior serials present under other episodes; recoverable by per-serial lookup)
IPRL+edf28ef3+2024-01-02-09h-46m-13s,train,IPRL+edf28ef3,1,intrinsics: episode absent from the DROID authors' intrinsics.json (both exterior serials present under other episodes; recoverable by per-serial lookup)
IPRL+edf28ef3+2024-01-02-09h-49m-26s,train,IPRL+edf28ef3,1,intrinsics: episode absent from the DROID authors' intrinsics.json (both exterior serials present under other episodes; recoverable by per-serial lookup)
IPRL+edf28ef3+2024-01-02-09h-51m-36s,train,IPRL+edf28ef3,1,intrinsics: episode absent from the DROID authors' intrinsics.json (both exterior serials present under other episodes; recoverable by per-serial lookup)
IPRL+edf28ef3+2024-01-02-09h-54m-29s,train,IPRL+edf28ef3,1,intrinsics: episode absent from the DROID authors' intrinsics.json (both exterior serials present under other episodes; recoverable by per-serial lookup)
IPRL+edf28ef3+2024-01-02-09h-59m-42s,train,IPRL+edf28ef3,1,intrinsics: episode absent from the DROID authors' intrinsics.json (both exterior serials present under other episodes; recoverable by per-serial lookup)
IPRL+edf28ef3+2024-01-02-10h-08m-06s,train,IPRL+edf28ef3,1,intrinsics: episode absent from the DROID authors' intrinsics.json (both exterior serials present under other episodes; recoverable by per-serial lookup)
IPRL+edf28ef3+2024-01-02-10h-13m-56s,train,IPRL+edf28ef3,1,intrinsics: episode absent from the DROID authors' intrinsics.json (both exterior serials present under other episodes; recoverable by per-serial lookup)
IPRL+edf28ef3+2024-01-02-10h-18m-09s,train,IPRL+edf28ef3,1,intrinsics: episode absent from the DROID authors' intrinsics.json (both exterior serials present under other episodes; recoverable by per-serial lookup)
IPRL+edf28ef3+2024-01-02-10h-25m-40s,train,IPRL+edf28ef3,1,intrinsics: episode absent from the DROID authors' intrinsics.json (both exterior serials present under other episodes; recoverable by per-serial lookup)
IPRL+edf28ef3+2024-01-02-10h-33m-25s,train,IPRL+edf28ef3,1,intrinsics: episode absent from the DROID authors' intrinsics.json (both exterior serials present under other episodes; recoverable by per-serial lookup)
IPRL+edf28ef3+2024-01-02-10h-36m-36s,train,IPRL+edf28ef3,1,intrinsics: episode absent from the DROID authors' intrinsics.json (both exterior serials present under other episodes; recoverable by per-serial lookup)
IPRL+edf28ef3+2024-01-02-10h-42m-04s,train,IPRL+edf28ef3,1,intrinsics: episode absent from the DROID authors' intrinsics.json (both exterior serials present under other episodes; recoverable by per-serial lookup)
IPRL+edf28ef3+2024-01-02-10h-44m-43s,train,IPRL+edf28ef3,1,intrinsics: episode absent from the DROID authors' intrinsics.json (both exterior serials present under other episodes; recoverable by per-serial lookup)
IPRL+edf28ef3+2024-01-02-11h-23m-17s,train,IPRL+edf28ef3,1,intrinsics: episode absent from the DROID authors' intrinsics.json (both exterior serials present under other episodes; recoverable by per-serial lookup)
IPRL+edf28ef3+2024-01-02-11h-49m-33s,train,IPRL+edf28ef3,1,intrinsics: episode absent from the DROID authors' intrinsics.json (both exterior serials present under other episodes; recoverable by per-serial lookup)
IPRL+edf28ef3+2024-01-02-15h-12m-24s,train,IPRL+edf28ef3,1,intrinsics: episode absent from the DROID authors' intrinsics.json (both exterior serials present under other episodes; recoverable by per-serial lookup)
IPRL+edf28ef3+2024-01-02-20h-16m-33s,train,IPRL+edf28ef3,1,intrinsics: episode absent from the DROID authors' intrinsics.json (both exterior serials present under other episodes; recoverable by per-serial lookup)
IPRL+edf28ef3+2024-01-02-20h-45m-45s,train,IPRL+edf28ef3,1,intrinsics: episode absent from the DROID authors' intrinsics.json (both exterior serials present under other episodes; recoverable by per-serial lookup)
IPRL+edf28ef3+2024-01-02-22h-23m-01s,train,IPRL+edf28ef3,1,intrinsics: episode absent from the DROID authors' intrinsics.json (both exterior serials present under other episodes; recoverable by per-serial lookup)
IPRL+edf28ef3+2024-01-02-22h-34m-38s,train,IPRL+edf28ef3,1,intrinsics: episode absent from the DROID authors' intrinsics.json (both exterior serials present under other episodes; recoverable by per-serial lookup)
IPRL+w026bb9b+2023-09-22-17h-57m-49s,train,IPRL+w026bb9b,1,intrinsics: episode absent from the DROID authors' intrinsics.json (both exterior serials present under other episodes; recoverable by per-serial lookup)
IRIS+89b42cd2+2023-12-02-11h-31m-19s,train,IRIS+89b42cd2,1,intrinsics: episode absent from the DROID authors' intrinsics.json (both exterior serials present under other episodes; recoverable by per-serial lookup)
IRIS+89b42cd2+2023-12-02-13h-47m-25s,train,IRIS+89b42cd2,1,intrinsics: episode absent from the DROID authors' intrinsics.json (both exterior serials present under other episodes; recoverable by per-serial lookup)
IRIS+89b42cd2+2023-12-02-13h-58m-30s,train,IRIS+89b42cd2,1,intrinsics: episode absent from the DROID authors' intrinsics.json (both exterior serials present under other episodes; recoverable by per-serial lookup)
IRIS+89b42cd2+2023-12-02-14h-02m-41s,train,IRIS+89b42cd2,1,intrinsics: episode absent from the DROID authors' intrinsics.json (both exterior serials present under other episodes; recoverable by per-serial lookup)
IRIS+89b42cd2+2023-12-02-14h-04m-17s,train,IRIS+89b42cd2,1,intrinsics: episode absent from the DROID authors' intrinsics.json (both exterior serials present under other episodes; recoverable by per-serial lookup)
IRIS+89b42cd2+2023-12-02-14h-16m-44s,train,IRIS+89b42cd2,1,intrinsics: episode absent from the DROID authors' intrinsics.json (both exterior serials present under other episodes; recoverable by per-serial lookup)
IRIS+89b42cd2+2023-12-02-14h-21m-03s,train,IRIS+89b42cd2,1,intrinsics: episode absent from the DROID authors' intrinsics.json (both exterior serials present under other episodes; recoverable by per-serial lookup)
IRIS+89b42cd2+2023-12-02-14h-33m-24s,train,IRIS+89b42cd2,1,intrinsics: episode absent from the DROID authors' intrinsics.json (both exterior serials present under other episodes; recoverable by per-serial lookup)
IRIS+89b42cd2+2023-12-02-14h-39m-53s,train,IRIS+89b42cd2,1,intrinsics: episode absent from the DROID authors' intrinsics.json (both exterior serials present under other episodes; recoverable by per-serial lookup)
RAD+62828209+2023-11-26-14h-14m-02s,train,RAD+62828209,1,intrinsics: episode absent from the DROID authors' intrinsics.json (both exterior serials present under other episodes; recoverable by per-serial lookup)
RAD+62828209+2023-12-20-10h-42m-00s,train,RAD+62828209,1,intrinsics: episode absent from the DROID authors' intrinsics.json (both exterior serials present under other episodes; recoverable by per-serial lookup)
RAD+62828209+2023-12-22-14h-18m-06s,train,RAD+62828209,1,intrinsics: episode absent from the DROID authors' intrinsics.json (both exterior serials present under other episodes; recoverable by per-serial lookup)
RAD+c6cf6b42+2023-08-31-16h-29m-41s,train,RAD+c6cf6b42,1,intrinsics: episode absent from the DROID authors' intrinsics.json (both exterior serials present under other episodes; recoverable by per-serial lookup)
RAIL+t3d58310+2023-07-28-17h-03m-26s,train,RAIL+t3d58310,1,intrinsics: episode absent from the DROID authors' intrinsics.json (both exterior serials present under other episodes; recoverable by per-serial lookup)
RAIL+t3d58310+2023-08-08-17h-49m-56s,train,RAIL+t3d58310,1,intrinsics: episode absent from the DROID authors' intrinsics.json (both exterior serials present under other episodes; recoverable by per-serial lookup)
RAIL+t3d58310+2023-08-08-18h-38m-49s,train,RAIL+t3d58310,1,intrinsics: episode absent from the DROID authors' intrinsics.json (both exterior serials present under other episodes; recoverable by per-serial lookup)
RAIL+t3d58310+2023-08-08-18h-48m-51s,train,RAIL+t3d58310,1,intrinsics: episode absent from the DROID authors' intrinsics.json (both exterior serials present under other episodes; recoverable by per-serial lookup)
RAIL+t3d58310+2023-08-08-18h-51m-01s,train,RAIL+t3d58310,1,intrinsics: episode absent from the DROID authors' intrinsics.json (both exterior serials present under other episodes; recoverable by per-serial lookup)
RAIL+t3d58310+2023-08-08-18h-52m-58s,train,RAIL+t3d58310,1,intrinsics: episode absent from the DROID authors' intrinsics.json (both exterior serials present under other episodes; recoverable by per-serial lookup)
RAIL+t3d58310+2023-08-12-15h-06m-40s,train,RAIL+t3d58310,1,intrinsics: episode absent from the DROID authors' intrinsics.json (both exterior serials present under other episodes; recoverable by per-serial lookup)
RAIL+t3d58310+2023-08-12-15h-29m-17s,train,RAIL+t3d58310,1,intrinsics: episode absent from the DROID authors' intrinsics.json (both exterior serials present under other episodes; recoverable by per-serial lookup)
RAIL+t3d58310+2023-08-12-15h-33m-03s,train,RAIL+t3d58310,1,intrinsics: episode absent from the DROID authors' intrinsics.json (both exterior serials present under other episodes; recoverable by per-serial lookup)
RAIL+t3d58310+2023-08-12-15h-52m-44s,train,RAIL+t3d58310,1,intrinsics: episode absent from the DROID authors' intrinsics.json (both exterior serials present under other episodes; recoverable by per-serial lookup)
RAIL+t3d58310+2023-08-12-16h-56m-01s,train,RAIL+t3d58310,1,intrinsics: episode absent from the DROID authors' intrinsics.json (both exterior serials present under other episodes; recoverable by per-serial lookup)
REAL+4dbb5646+2023-04-14-16h-02m-10s,train,REAL+4dbb5646,1,intrinsics: episode absent from the DROID authors' intrinsics.json (both exterior serials present under other episodes; recoverable by per-serial lookup)
REAL+abf65a9e+2023-04-06-16h-00m-55s,train,REAL+abf65a9e,1,intrinsics: episode absent from the DROID authors' intrinsics.json (both exterior serials present under other episodes; recoverable by per-serial lookup)
REAL+abf65a9e+2023-04-06-16h-07m-19s,train,REAL+abf65a9e,1,intrinsics: episode absent from the DROID authors' intrinsics.json (both exterior serials present under other episodes; recoverable by per-serial lookup)
RPL+32cba90c+2023-12-05-15h-19m-29s,train,RPL+32cba90c,1,"exterior MP4 for serial 24013089 is truncated: 1057 bytes, 1 frame, store has {'RPL+32cba90c+2023-12-05-15h-19m-29s':886,'RPL+cb4f6842+2023-06-05-18h-55m-39s':197,'RPL+cb4f6842+2023-11-30-20h-42m-38s':243}[e] frames; one exterior stream unusable, rig impossible"
RPL+cb4f6842+2023-06-05-18h-55m-39s,train,RPL+cb4f6842,1,"exterior MP4 for serial 24013089 is truncated: 1057 bytes, 1 frame, store has {'RPL+32cba90c+2023-12-05-15h-19m-29s':886,'RPL+cb4f6842+2023-06-05-18h-55m-39s':197,'RPL+cb4f6842+2023-11-30-20h-42m-38s':243}[e] frames; one exterior stream unusable, rig impossible"
RPL+cb4f6842+2023-11-30-20h-42m-38s,train,RPL+cb4f6842,1,"exterior MP4 for serial 24013089 is truncated: 1057 bytes, 1 frame, store has {'RPL+32cba90c+2023-12-05-15h-19m-29s':886,'RPL+cb4f6842+2023-06-05-18h-55m-39s':197,'RPL+cb4f6842+2023-11-30-20h-42m-38s':243}[e] frames; one exterior stream unusable, rig impossible"
TRI+4b1a56cc+2023-09-05-16h-15m-39s,train,TRI+4b1a56cc,1,intrinsics: episode absent from the DROID authors' intrinsics.json (both exterior serials present under other episodes; recoverable by per-serial lookup)
TRI+4b1a56cc+2023-09-06-13h-03m-27s,train,TRI+4b1a56cc,1,intrinsics: episode absent from the DROID authors' intrinsics.json (both exterior serials present under other episodes; recoverable by per-serial lookup)
TRI+4b1a56cc+2023-09-06-13h-29m-42s,train,TRI+4b1a56cc,1,intrinsics: episode absent from the DROID authors' intrinsics.json (both exterior serials present under other episodes; recoverable by per-serial lookup)
TRI+4b1a56cc+2023-09-06-13h-39m-54s,train,TRI+4b1a56cc,1,intrinsics: episode absent from the DROID authors' intrinsics.json (both exterior serials present under other episodes; recoverable by per-serial lookup)
TRI+4b1a56cc+2023-09-06-13h-51m-06s,train,TRI+4b1a56cc,1,intrinsics: episode absent from the DROID authors' intrinsics.json (both exterior serials present under other episodes; recoverable by per-serial lookup)
TRI+4b1a56cc+2023-09-06-13h-52m-53s,train,TRI+4b1a56cc,1,intrinsics: episode absent from the DROID authors' intrinsics.json (both exterior serials present under other episodes; recoverable by per-serial lookup)
TRI+4b1a56cc+2023-09-06-13h-55m-51s,train,TRI+4b1a56cc,1,intrinsics: episode absent from the DROID authors' intrinsics.json (both exterior serials present under other episodes; recoverable by per-serial lookup)
TRI+4b1a56cc+2023-09-06-13h-57m-20s,train,TRI+4b1a56cc,1,intrinsics: episode absent from the DROID authors' intrinsics.json (both exterior serials present under other episodes; recoverable by per-serial lookup)
TRI+4b1a56cc+2023-09-06-13h-58m-41s,train,TRI+4b1a56cc,1,intrinsics: episode absent from the DROID authors' intrinsics.json (both exterior serials present under other episodes; recoverable by per-serial lookup)
TRI+4b1a56cc+2023-09-06-13h-59m-24s,train,TRI+4b1a56cc,1,intrinsics: episode absent from the DROID authors' intrinsics.json (both exterior serials present under other episodes; recoverable by per-serial lookup)
TRI+4b1a56cc+2023-09-06-13h-59m-45s,train,TRI+4b1a56cc,1,intrinsics: episode absent from the DROID authors' intrinsics.json (both exterior serials present under other episodes; recoverable by per-serial lookup)
TRI+4b1a56cc+2023-09-06-14h-14m-56s,train,TRI+4b1a56cc,1,intrinsics: episode absent from the DROID authors' intrinsics.json (both exterior serials present under other episodes; recoverable by per-serial lookup)
TRI+4b1a56cc+2023-09-06-14h-28m-35s,train,TRI+4b1a56cc,1,intrinsics: episode absent from the DROID authors' intrinsics.json (both exterior serials present under other episodes; recoverable by per-serial lookup)
TRI+52ca9b6a+2023-10-17-14h-08m-33s,train,TRI+52ca9b6a,1,intrinsics: episode absent from the DROID authors' intrinsics.json (both exterior serials present under other episodes; recoverable by per-serial lookup)
TRI+52ca9b6a+2023-10-18-16h-08m-11s,train,TRI+52ca9b6a,1,intrinsics: episode absent from the DROID authors' intrinsics.json (both exterior serials present under other episodes; recoverable by per-serial lookup)
TRI+52ca9b6a+2023-10-19-15h-03m-03s,train,TRI+52ca9b6a,1,intrinsics: episode absent from the DROID authors' intrinsics.json (both exterior serials present under other episodes; recoverable by per-serial lookup)
TRI+52ca9b6a+2023-10-24-13h-19m-54s,train,TRI+52ca9b6a,1,intrinsics: episode absent from the DROID authors' intrinsics.json (both exterior serials present under other episodes; recoverable by per-serial lookup)
TRI+52ca9b6a+2023-10-24-16h-07m-53s,train,TRI+52ca9b6a,1,intrinsics: episode absent from the DROID authors' intrinsics.json (both exterior serials present under other episodes; recoverable by per-serial lookup)
TRI+52ca9b6a+2023-10-25-10h-17m-10s,train,TRI+52ca9b6a,1,intrinsics: episode absent from the DROID authors' intrinsics.json (both exterior serials present under other episodes; recoverable by per-serial lookup)
TRI+52ca9b6a+2023-10-25-17h-37m-18s,train,TRI+52ca9b6a,1,intrinsics: episode absent from the DROID authors' intrinsics.json (both exterior serials present under other episodes; recoverable by per-serial lookup)
TRI+52ca9b6a+2023-10-25-17h-44m-21s,train,TRI+52ca9b6a,1,intrinsics: episode absent from the DROID authors' intrinsics.json (both exterior serials present under other episodes; recoverable by per-serial lookup)
TRI+52ca9b6a+2023-10-25-17h-54m-19s,train,TRI+52ca9b6a,1,intrinsics: episode absent from the DROID authors' intrinsics.json (both exterior serials present under other episodes; recoverable by per-serial lookup)
TRI+52ca9b6a+2023-10-26-13h-42m-06s,train,TRI+52ca9b6a,1,intrinsics: episode absent from the DROID authors' intrinsics.json (both exterior serials present under other episodes; recoverable by per-serial lookup)
TRI+52ca9b6a+2023-10-26-14h-42m-05s,train,TRI+52ca9b6a,1,intrinsics: episode absent from the DROID authors' intrinsics.json (both exterior serials present under other episodes; recoverable by per-serial lookup)
TRI+52ca9b6a+2023-10-30-15h-22m-05s,train,TRI+52ca9b6a,1,intrinsics: episode absent from the DROID authors' intrinsics.json (both exterior serials present under other episodes; recoverable by per-serial lookup)
TRI+52ca9b6a+2023-10-30-15h-45m-14s,train,TRI+52ca9b6a,1,intrinsics: episode absent from the DROID authors' intrinsics.json (both exterior serials present under other episodes; recoverable by per-serial lookup)
TRI+52ca9b6a+2023-10-30-16h-15m-05s,train,TRI+52ca9b6a,1,intrinsics: episode absent from the DROID authors' intrinsics.json (both exterior serials present under other episodes; recoverable by per-serial lookup)
TRI+52ca9b6a+2023-10-30-16h-37m-37s,train,TRI+52ca9b6a,1,intrinsics: episode absent from the DROID authors' intrinsics.json (both exterior serials present under other episodes; recoverable by per-serial lookup)
TRI+52ca9b6a+2023-11-01-11h-09m-20s,train,TRI+52ca9b6a,1,intrinsics: episode absent from the DROID authors' intrinsics.json (both exterior serials present under other episodes; recoverable by per-serial lookup)
TRI+52ca9b6a+2023-11-01-13h-34m-04s,train,TRI+52ca9b6a,1,intrinsics: episode absent from the DROID authors' intrinsics.json (both exterior serials present under other episodes; recoverable by per-serial lookup)
TRI+52ca9b6a+2023-12-04-13h-13m-57s,train,TRI+52ca9b6a,1,intrinsics: episode absent from the DROID authors' intrinsics.json (both exterior serials present under other episodes; recoverable by per-serial lookup)
TRI+52ca9b6a+2023-12-04-16h-51m-01s,train,TRI+52ca9b6a,1,intrinsics: episode absent from the DROID authors' intrinsics.json (both exterior serials present under other episodes; recoverable by per-serial lookup)
TRI+52ca9b6a+2023-12-05-15h-20m-52s,train,TRI+52ca9b6a,1,intrinsics: episode absent from the DROID authors' intrinsics.json (both exterior serials present under other episodes; recoverable by per-serial lookup)
TRI+52ca9b6a+2023-12-12-11h-21m-29s,train,TRI+52ca9b6a,1,intrinsics: episode absent from the DROID authors' intrinsics.json (both exterior serials present under other episodes; recoverable by per-serial lookup)
TRI+52ca9b6a+2023-12-13-15h-50m-51s,train,TRI+52ca9b6a,1,intrinsics: episode absent from the DROID authors' intrinsics.json (both exterior serials present under other episodes; recoverable by per-serial lookup)
TRI+52ca9b6a+2024-01-02-16h-18m-44s,train,TRI+52ca9b6a,1,intrinsics: episode absent from the DROID authors' intrinsics.json (both exterior serials present under other episodes; recoverable by per-serial lookup)
TRI+52ca9b6a+2024-01-17-14h-07m-22s,train,TRI+52ca9b6a,1,intrinsics: episode absent from the DROID authors' intrinsics.json (both exterior serials present under other episodes; recoverable by per-serial lookup)
TRI+52ca9b6a+2024-01-18-14h-41m-09s,train,TRI+52ca9b6a,1,intrinsics: episode absent from the DROID authors' intrinsics.json (both exterior serials present under other episodes; recoverable by per-serial lookup)
TRI+52ca9b6a+2024-01-22-16h-34m-15s,train,TRI+52ca9b6a,1,intrinsics: episode absent from the DROID authors' intrinsics.json (both exterior serials present under other episodes; recoverable by per-serial lookup)
TRI+52ca9b6a+2024-01-23-16h-07m-15s,train,TRI+52ca9b6a,1,intrinsics: episode absent from the DROID authors' intrinsics.json (both exterior serials present under other episodes; recoverable by per-serial lookup)
TRI+52ca9b6a+2024-02-05-14h-07m-02s,train,TRI+52ca9b6a,1,intrinsics: episode absent from the DROID authors' intrinsics.json (both exterior serials present under other episodes; recoverable by per-serial lookup)
TRI+52ca9b6a+2024-02-05-14h-09m-54s,train,TRI+52ca9b6a,1,intrinsics: episode absent from the DROID authors' intrinsics.json (both exterior serials present under other episodes; recoverable by per-serial lookup)
TRI+52ca9b6a+2024-02-06-10h-39m-13s,train,TRI+52ca9b6a,1,intrinsics: episode absent from the DROID authors' intrinsics.json (both exterior serials present under other episodes; recoverable by per-serial lookup)
TRI+52ca9b6a+2024-02-08-14h-19m-18s,train,TRI+52ca9b6a,1,intrinsics: episode absent from the DROID authors' intrinsics.json (both exterior serials present under other episodes; recoverable by per-serial lookup)
TRI+52ca9b6a+2024-02-12-13h-36m-41s,train,TRI+52ca9b6a,1,intrinsics: episode absent from the DROID authors' intrinsics.json (both exterior serials present under other episodes; recoverable by per-serial lookup)
TRI+7dfa2da3+2023-10-12-12h-14m-10s,train,TRI+7dfa2da3,1,intrinsics: episode absent from the DROID authors' intrinsics.json (both exterior serials present under other episodes; recoverable by per-serial lookup)
TRI+7dfa2da3+2023-10-12-12h-19m-54s,train,TRI+7dfa2da3,1,intrinsics: episode absent from the DROID authors' intrinsics.json (both exterior serials present under other episodes; recoverable by per-serial lookup)
TRI+7dfa2da3+2023-10-12-12h-20m-30s,train,TRI+7dfa2da3,1,intrinsics: episode absent from the DROID authors' intrinsics.json (both exterior serials present under other episodes; recoverable by per-serial lookup)
TRI+7dfa2da3+2023-10-12-13h-13m-53s,train,TRI+7dfa2da3,1,intrinsics: episode absent from the DROID authors' intrinsics.json (both exterior serials present under other episodes; recoverable by per-serial lookup)
TRI+7dfa2da3+2023-10-12-13h-15m-13s,train,TRI+7dfa2da3,1,intrinsics: episode absent from the DROID authors' intrinsics.json (both exterior serials present under other episodes; recoverable by per-serial lookup)
TRI+7dfa2da3+2023-10-12-13h-16m-38s,train,TRI+7dfa2da3,1,intrinsics: episode absent from the DROID authors' intrinsics.json (both exterior serials present under other episodes; recoverable by per-serial lookup)
TRI+7dfa2da3+2023-10-12-13h-17m-46s,train,TRI+7dfa2da3,1,intrinsics: episode absent from the DROID authors' intrinsics.json (both exterior serials present under other episodes; recoverable by per-serial lookup)
TRI+7dfa2da3+2023-10-12-13h-21m-36s,train,TRI+7dfa2da3,1,intrinsics: episode absent from the DROID authors' intrinsics.json (both exterior serials present under other episodes; recoverable by per-serial lookup)
TRI+7dfa2da3+2023-10-12-13h-24m-22s,train,TRI+7dfa2da3,1,intrinsics: episode absent from the DROID authors' intrinsics.json (both exterior serials present under other episodes; recoverable by per-serial lookup)
TRI+7dfa2da3+2023-10-12-13h-24m-45s,train,TRI+7dfa2da3,1,intrinsics: episode absent from the DROID authors' intrinsics.json (both exterior serials present under other episodes; recoverable by per-serial lookup)
TRI+7dfa2da3+2023-10-12-13h-25m-29s,train,TRI+7dfa2da3,1,intrinsics: episode absent from the DROID authors' intrinsics.json (both exterior serials present under other episodes; recoverable by per-serial lookup)
TRI+7dfa2da3+2023-10-12-13h-26m-09s,train,TRI+7dfa2da3,1,intrinsics: episode absent from the DROID authors' intrinsics.json (both exterior serials present under other episodes; recoverable by per-serial lookup)
TRI+7dfa2da3+2023-10-12-13h-28m-28s,train,TRI+7dfa2da3,1,intrinsics: episode absent from the DROID authors' intrinsics.json (both exterior serials present under other episodes; recoverable by per-serial lookup)
TRI+7dfa2da3+2023-10-12-13h-29m-37s,train,TRI+7dfa2da3,1,intrinsics: episode absent from the DROID authors' intrinsics.json (both exterior serials present under other episodes; recoverable by per-serial lookup)
TRI+7dfa2da3+2023-10-12-13h-32m-05s,train,TRI+7dfa2da3,1,intrinsics: episode absent from the DROID authors' intrinsics.json (both exterior serials present under other episodes; recoverable by per-serial lookup)
TRI+7dfa2da3+2023-10-12-13h-33m-28s,train,TRI+7dfa2da3,1,intrinsics: episode absent from the DROID authors' intrinsics.json (both exterior serials present under other episodes; recoverable by per-serial lookup)
TRI+7dfa2da3+2023-10-12-13h-37m-48s,train,TRI+7dfa2da3,1,intrinsics: episode absent from the DROID authors' intrinsics.json (both exterior serials present under other episodes; recoverable by per-serial lookup)
TRI+7dfa2da3+2023-10-12-13h-38m-16s,train,TRI+7dfa2da3,1,intrinsics: episode absent from the DROID authors' intrinsics.json (both exterior serials present under other episodes; recoverable by per-serial lookup)
TRI+7dfa2da3+2023-10-12-13h-42m-11s,train,TRI+7dfa2da3,1,intrinsics: episode absent from the DROID authors' intrinsics.json (both exterior serials present under other episodes; recoverable by per-serial lookup)
TRI+7dfa2da3+2023-10-12-13h-42m-52s,train,TRI+7dfa2da3,1,intrinsics: episode absent from the DROID authors' intrinsics.json (both exterior serials present under other episodes; recoverable by per-serial lookup)
TRI+7dfa2da3+2023-10-12-13h-45m-42s,train,TRI+7dfa2da3,1,intrinsics: episode absent from the DROID authors' intrinsics.json (both exterior serials present under other episodes; recoverable by per-serial lookup)
TRI+a8754edb+2023-10-12-18h-08m-57s,train,TRI+a8754edb,1,intrinsics: episode absent from the DROID authors' intrinsics.json (both exterior serials present under other episodes; recoverable by per-serial lookup)
TRI+a8754edb+2023-10-12-18h-09m-23s,train,TRI+a8754edb,1,intrinsics: episode absent from the DROID authors' intrinsics.json (both exterior serials present under other episodes; recoverable by per-serial lookup)
TRI+a8754edb+2023-10-12-18h-09m-59s,train,TRI+a8754edb,1,intrinsics: episode absent from the DROID authors' intrinsics.json (both exterior serials present under other episodes; recoverable by per-serial lookup)
TRI+a8754edb+2023-10-12-18h-10m-41s,train,TRI+a8754edb,1,intrinsics: episode absent from the DROID authors' intrinsics.json (both exterior serials present under other episodes; recoverable by per-serial lookup)
TRI+a8754edb+2023-10-12-18h-11m-27s,train,TRI+a8754edb,1,intrinsics: episode absent from the DROID authors' intrinsics.json (both exterior serials present under other episodes; recoverable by per-serial lookup)
TRI+a8754edb+2023-10-12-18h-11m-54s,train,TRI+a8754edb,1,intrinsics: episode absent from the DROID authors' intrinsics.json (both exterior serials present under other episodes; recoverable by per-serial lookup)
TRI+a8754edb+2023-10-12-18h-12m-39s,train,TRI+a8754edb,1,intrinsics: episode absent from the DROID authors' intrinsics.json (both exterior serials present under other episodes; recoverable by per-serial lookup)
TRI+a8754edb+2023-10-12-18h-14m-32s,train,TRI+a8754edb,1,intrinsics: episode absent from the DROID authors' intrinsics.json (both exterior serials present under other episodes; recoverable by per-serial lookup)
TRI+a8754edb+2023-10-12-18h-16m-36s,train,TRI+a8754edb,1,intrinsics: episode absent from the DROID authors' intrinsics.json (both exterior serials present under other episodes; recoverable by per-serial lookup)
TRI+a8754edb+2023-10-12-18h-17m-58s,train,TRI+a8754edb,1,intrinsics: episode absent from the DROID authors' intrinsics.json (both exterior serials present under other episodes; recoverable by per-serial lookup)
TRI+a8754edb+2023-10-12-18h-18m-19s,train,TRI+a8754edb,1,intrinsics: episode absent from the DROID authors' intrinsics.json (both exterior serials present under other episodes; recoverable by per-serial lookup)
TRI+a8754edb+2023-10-12-18h-19m-18s,train,TRI+a8754edb,1,intrinsics: episode absent from the DROID authors' intrinsics.json (both exterior serials present under other episodes; recoverable by per-serial lookup)
TRI+a8754edb+2023-10-12-18h-21m-27s,train,TRI+a8754edb,1,intrinsics: episode absent from the DROID authors' intrinsics.json (both exterior serials present under other episodes; recoverable by per-serial lookup)
WEIRD+417ecf07+2023-11-21-19h-55m-09s,train,WEIRD+417ecf07,1,intrinsics: episode absent from the DROID authors' intrinsics.json (both exterior serials present under other episodes; recoverable by per-serial lookup)
WEIRD+417ecf07+2023-11-21-20h-02m-54s,train,WEIRD+417ecf07,1,intrinsics: episode absent from the DROID authors' intrinsics.json (both exterior serials present under other episodes; recoverable by per-serial lookup)
WEIRD+417ecf07+2023-11-30-19h-57m-02s,train,WEIRD+417ecf07,1,intrinsics: episode absent from the DROID authors' intrinsics.json (both exterior serials present under other episodes; recoverable by per-serial lookup)
WEIRD+5047dd9a+2023-11-22-16h-51m-59s,train,WEIRD+5047dd9a,1,intrinsics: episode absent from the DROID authors' intrinsics.json (both exterior serials present under other episodes; recoverable by per-serial lookup)
WEIRD+5a211037+2023-11-22-17h-22m-17s,train,WEIRD+5a211037,1,intrinsics: episode absent from the DROID authors' intrinsics.json (both exterior serials present under other episodes; recoverable by per-serial lookup)
WEIRD+5a211037+2023-11-22-18h-07m-44s,train,WEIRD+5a211037,1,intrinsics: episode absent from the DROID authors' intrinsics.json (both exterior serials present under other episodes; recoverable by per-serial lookup)
WEIRD+5a211037+2023-12-05-21h-27m-49s,train,WEIRD+5a211037,1,intrinsics: episode absent from the DROID authors' intrinsics.json (both exterior serials present under other episodes; recoverable by per-serial lookup)
WEIRD+5a211037+2023-12-05-21h-29m-52s,train,WEIRD+5a211037,1,intrinsics: episode absent from the DROID authors' intrinsics.json (both exterior serials present under other episodes; recoverable by per-serial lookup)
WEIRD+5a211037+2023-12-05-21h-32m-40s,train,WEIRD+5a211037,1,intrinsics: episode absent from the DROID authors' intrinsics.json (both exterior serials present under other episodes; recoverable by per-serial lookup)
WEIRD+5a211037+2023-12-05-21h-35m-46s,train,WEIRD+5a211037,1,intrinsics: episode absent from the DROID authors' intrinsics.json (both exterior serials present under other episodes; recoverable by per-serial lookup)
WEIRD+5a211037+2023-12-05-21h-40m-07s,train,WEIRD+5a211037,1,intrinsics: episode absent from the DROID authors' intrinsics.json (both exterior serials present under other episodes; recoverable by per-serial lookup)
WEIRD+5a211037+2023-12-12-22h-56m-40s,train,WEIRD+5a211037,1,intrinsics: episode absent from the DROID authors' intrinsics.json (both exterior serials present under other episodes; recoverable by per-serial lookup)
WEIRD+5a211037+2023-12-19-21h-54m-04s,train,WEIRD+5a211037,1,intrinsics: episode absent from the DROID authors' intrinsics.json (both exterior serials present under other episodes; recoverable by per-serial lookup)
WEIRD+5a211037+2023-12-19-22h-39m-14s,train,WEIRD+5a211037,1,intrinsics: episode absent from the DROID authors' intrinsics.json (both exterior serials present under other episodes; recoverable by per-serial lookup)
WEIRD+5a211037+2023-12-19-22h-47m-31s,train,WEIRD+5a211037,1,intrinsics: episode absent from the DROID authors' intrinsics.json (both exterior serials present under other episodes; recoverable by per-serial lookup)
WEIRD+5a211037+2023-12-19-22h-57m-46s,train,WEIRD+5a211037,1,intrinsics: episode absent from the DROID authors' intrinsics.json (both exterior serials present under other episodes; recoverable by per-serial lookup)
WEIRD+5a211037+2023-12-20-21h-38m-58s,train,WEIRD+5a211037,1,intrinsics: episode absent from the DROID authors' intrinsics.json (both exterior serials present under other episodes; recoverable by per-serial lookup)
WEIRD+5a211037+2023-12-20-21h-49m-40s,train,WEIRD+5a211037,1,intrinsics: episode absent from the DROID authors' intrinsics.json (both exterior serials present under other episodes; recoverable by per-serial lookup)
WEIRD+5a211037+2023-12-20-22h-00m-30s,train,WEIRD+5a211037,1,intrinsics: episode absent from the DROID authors' intrinsics.json (both exterior serials present under other episodes; recoverable by per-serial lookup)
WEIRD+5a211037+2023-12-20-22h-08m-21s,train,WEIRD+5a211037,1,intrinsics: episode absent from the DROID authors' intrinsics.json (both exterior serials present under other episodes; recoverable by per-serial lookup)
WEIRD+5a211037+2023-12-20-22h-14m-35s,train,WEIRD+5a211037,1,intrinsics: episode absent from the DROID authors' intrinsics.json (both exterior serials present under other episodes; recoverable by per-serial lookup)
WEIRD+5a211037+2023-12-20-22h-24m-10s,train,WEIRD+5a211037,1,intrinsics: episode absent from the DROID authors' intrinsics.json (both exterior serials present under other episodes; recoverable by per-serial lookup)
WEIRD+5a211037+2023-12-20-22h-28m-28s,train,WEIRD+5a211037,1,intrinsics: episode absent from the DROID authors' intrinsics.json (both exterior serials present under other episodes; recoverable by per-serial lookup)
WEIRD+5a211037+2023-12-20-22h-33m-09s,train,WEIRD+5a211037,1,intrinsics: episode absent from the DROID authors' intrinsics.json (both exterior serials present under other episodes; recoverable by per-serial lookup)
WEIRD+9338a0f6+2023-12-06-21h-36m-07s,train,WEIRD+9338a0f6,1,intrinsics: episode absent from the DROID authors' intrinsics.json (both exterior serials present under other episodes; recoverable by per-serial lookup)
WEIRD+9338a0f6+2023-12-06-21h-39m-43s,train,WEIRD+9338a0f6,1,intrinsics: episode absent from the DROID authors' intrinsics.json (both exterior serials present under other episodes; recoverable by per-serial lookup)
WEIRD+9338a0f6+2023-12-07-20h-28m-30s,train,WEIRD+9338a0f6,1,intrinsics: episode absent from the DROID authors' intrinsics.json (both exterior serials present under other episodes; recoverable by per-serial lookup)
WEIRD+9338a0f6+2023-12-07-21h-00m-57s,train,WEIRD+9338a0f6,1,intrinsics: episode absent from the DROID authors' intrinsics.json (both exterior serials present under other episodes; recoverable by per-serial lookup)
WEIRD+9338a0f6+2023-12-07-21h-05m-43s,train,WEIRD+9338a0f6,1,intrinsics: episode absent from the DROID authors' intrinsics.json (both exterior serials present under other episodes; recoverable by per-serial lookup)
WEIRD+9338a0f6+2023-12-07-21h-34m-38s,train,WEIRD+9338a0f6,1,intrinsics: episode absent from the DROID authors' intrinsics.json (both exterior serials present under other episodes; recoverable by per-serial lookup)
WEIRD+bccfde6e+2024-01-20-00h-05m-51s,train,WEIRD+bccfde6e,1,intrinsics: episode absent from the DROID authors' intrinsics.json (both exterior serials present under other episodes; recoverable by per-serial lookup)
WEIRD+bcd0b679+2023-11-21-21h-53m-16s,train,WEIRD+bcd0b679,1,intrinsics: episode absent from the DROID authors' intrinsics.json (both exterior serials present under other episodes; recoverable by per-serial lookup)
WEIRD+bcd0b679+2023-11-21-21h-56m-18s,train,WEIRD+bcd0b679,1,intrinsics: episode absent from the DROID authors' intrinsics.json (both exterior serials present under other episodes; recoverable by per-serial lookup)
WEIRD+e604eeed+2023-12-08-17h-53m-16s,train,WEIRD+e604eeed,1,intrinsics: episode absent from the DROID authors' intrinsics.json (both exterior serials present under other episodes; recoverable by per-serial lookup)
WEIRD+e604eeed+2023-12-08-18h-02m-40s,train,WEIRD+e604eeed,1,intrinsics: episode absent from the DROID authors' intrinsics.json (both exterior serials present under other episodes; recoverable by per-serial lookup)
WEIRD+e604eeed+2023-12-08-18h-21m-50s,train,WEIRD+e604eeed,1,intrinsics: episode absent from the DROID authors' intrinsics.json (both exterior serials present under other episodes; recoverable by per-serial lookup)
WEIRD+e604eeed+2023-12-08-20h-48m-56s,train,WEIRD+e604eeed,1,intrinsics: episode absent from the DROID authors' intrinsics.json (both exterior serials present under other episodes; recoverable by per-serial lookup)
WEIRD+e604eeed+2023-12-08-20h-53m-04s,train,WEIRD+e604eeed,1,intrinsics: episode absent from the DROID authors' intrinsics.json (both exterior serials present under other episodes; recoverable by per-serial lookup)
WEIRD+e604eeed+2023-12-13-19h-57m-39s,train,WEIRD+e604eeed,1,intrinsics: episode absent from the DROID authors' intrinsics.json (both exterior serials present under other episodes; recoverable by per-serial lookup)
WEIRD+e604eeed+2023-12-13-19h-59m-52s,train,WEIRD+e604eeed,1,intrinsics: episode absent from the DROID authors' intrinsics.json (both exterior serials present under other episodes; recoverable by per-serial lookup)
WEIRD+e604eeed+2023-12-13-20h-01m-37s,train,WEIRD+e604eeed,1,intrinsics: episode absent from the DROID authors' intrinsics.json (both exterior serials present under other episodes; recoverable by per-serial lookup)
WEIRD+e604eeed+2023-12-13-20h-18m-47s,train,WEIRD+e604eeed,1,intrinsics: episode absent from the DROID authors' intrinsics.json (both exterior serials present under other episodes; recoverable by per-serial lookup)
WEIRD+e604eeed+2023-12-13-20h-23m-17s,train,WEIRD+e604eeed,1,intrinsics: episode absent from the DROID authors' intrinsics.json (both exterior serials present under other episodes; recoverable by per-serial lookup)
WEIRD+e604eeed+2023-12-13-20h-35m-40s,train,WEIRD+e604eeed,1,intrinsics: episode absent from the DROID authors' intrinsics.json (both exterior serials present under other episodes; recoverable by per-serial lookup)
WEIRD+e604eeed+2023-12-13-20h-38m-31s,train,WEIRD+e604eeed,1,intrinsics: episode absent from the DROID authors' intrinsics.json (both exterior serials present under other episodes; recoverable by per-serial lookup)
WEIRD+e604eeed+2023-12-13-20h-45m-47s,train,WEIRD+e604eeed,1,intrinsics: episode absent from the DROID authors' intrinsics.json (both exterior serials present under other episodes; recoverable by per-serial lookup)
WEIRD+e604eeed+2023-12-13-20h-49m-26s,train,WEIRD+e604eeed,1,intrinsics: episode absent from the DROID authors' intrinsics.json (both exterior serials present under other episodes; recoverable by per-serial lookup)
WEIRD+e604eeed+2023-12-13-20h-53m-58s,train,WEIRD+e604eeed,1,intrinsics: episode absent from the DROID authors' intrinsics.json (both exterior serials present under other episodes; recoverable by per-serial lookup)
WEIRD+e604eeed+2024-01-04-03h-06m-08s,train,WEIRD+e604eeed,1,intrinsics: episode absent from the DROID authors' intrinsics.json (both exterior serials present under other episodes; recoverable by per-serial lookup)
WEIRD+e604eeed+2024-01-04-03h-22m-13s,train,WEIRD+e604eeed,1,intrinsics: episode absent from the DROID authors' intrinsics.json (both exterior serials present under other episodes; recoverable by per-serial lookup)
WEIRD+e604eeed+2024-01-04-03h-25m-33s,train,WEIRD+e604eeed,1,intrinsics: episode absent from the DROID authors' intrinsics.json (both exterior serials present under other episodes; recoverable by per-serial lookup)
WEIRD+e604eeed+2024-01-04-03h-27m-53s,train,WEIRD+e604eeed,1,intrinsics: episode absent from the DROID authors' intrinsics.json (both exterior serials present under other episodes; recoverable by per-serial lookup)
WEIRD+e604eeed+2024-01-04-03h-30m-56s,train,WEIRD+e604eeed,1,intrinsics: episode absent from the DROID authors' intrinsics.json (both exterior serials present under other episodes; recoverable by per-serial lookup)
WEIRD+e604eeed+2024-01-04-03h-54m-26s,train,WEIRD+e604eeed,1,intrinsics: episode absent from the DROID authors' intrinsics.json (both exterior serials present under other episodes; recoverable by per-serial lookup)
WEIRD+e604eeed+2024-01-04-03h-58m-22s,train,WEIRD+e604eeed,1,intrinsics: episode absent from the DROID authors' intrinsics.json (both exterior serials present under other episodes; recoverable by per-serial lookup)
WEIRD+e604eeed+2024-01-04-04h-10m-46s,train,WEIRD+e604eeed,1,intrinsics: episode absent from the DROID authors' intrinsics.json (both exterior serials present under other episodes; recoverable by per-serial lookup)
WEIRD+e604eeed+2024-01-04-04h-21m-36s,train,WEIRD+e604eeed,1,intrinsics: episode absent from the DROID authors' intrinsics.json (both exterior serials present under other episodes; recoverable by per-serial lookup)
WEIRD+f61abce9+2023-11-28-20h-38m-11s,train,WEIRD+f61abce9,1,intrinsics: episode absent from the DROID authors' intrinsics.json (both exterior serials present under other episodes; recoverable by per-serial lookup)
WEIRD+f61abce9+2023-12-06-18h-10m-28s,train,WEIRD+f61abce9,1,intrinsics: episode absent from the DROID authors' intrinsics.json (both exterior serials present under other episodes; recoverable by per-serial lookup)
WEIRD+f61abce9+2023-12-07-18h-46m-35s,train,WEIRD+f61abce9,1,intrinsics: episode absent from the DROID authors' intrinsics.json (both exterior serials present under other episodes; recoverable by per-serial lookup)
WEIRD+f61abce9+2023-12-07-18h-52m-12s,train,WEIRD+f61abce9,1,intrinsics: episode absent from the DROID authors' intrinsics.json (both exterior serials present under other episodes; recoverable by per-serial lookup)
WEIRD+f61abce9+2023-12-07-19h-45m-32s,train,WEIRD+f61abce9,1,intrinsics: episode absent from the DROID authors' intrinsics.json (both exterior serials present under other episodes; recoverable by per-serial lookup)
WEIRD+f61abce9+2023-12-08-19h-00m-17s,train,WEIRD+f61abce9,1,intrinsics: episode absent from the DROID authors' intrinsics.json (both exterior serials present under other episodes; recoverable by per-serial lookup)
WEIRD+f61abce9+2023-12-08-19h-02m-03s,train,WEIRD+f61abce9,1,intrinsics: episode absent from the DROID authors' intrinsics.json (both exterior serials present under other episodes; recoverable by per-serial lookup)
WEIRD+f61abce9+2023-12-13-22h-43m-24s,train,WEIRD+f61abce9,1,intrinsics: episode absent from the DROID authors' intrinsics.json (both exterior serials present under other episodes; recoverable by per-serial lookup)
