episode,event,entry_frame,exit_frame,n_frames,n_events
AUTOLab+0d4edc83+2023-10-21-19h-48m-55s,1,118,158,158,2
AUTOLab+0d4edc83+2023-10-21-19h-52m-38s,1,119,157,157,2
AUTOLab+44bb9c36+2023-11-21-17h-48m-20s,1,226,253,288,2
AUTOLab+44bb9c36+2023-11-21-17h-48m-54s,1,12,193,193,2
AUTOLab+44bb9c36+2023-11-23-10h-45m-46s,1,360,366,705,3
AUTOLab+44bb9c36+2023-11-23-10h-45m-46s,2,397,705,705,3
AUTOLab+44bb9c36+2023-11-23-15h-22m-31s,1,317,339,339,2
AUTOLab+44bb9c36+2023-11-23-15h-25m-46s,1,168,515,515,2
AUTOLab+44bb9c36+2023-11-23-17h-02m-03s,1,36,78,400,5
AUTOLab+44bb9c36+2023-11-23-17h-02m-03s,2,137,211,400,5
AUTOLab+44bb9c36+2023-11-23-17h-02m-03s,3,264,349,400,5
AUTOLab+44bb9c36+2023-11-23-17h-02m-03s,4,384,391,400,5
AUTOLab+44bb9c36+2023-11-23-17h-02m-54s,1,123,219,265,4
AUTOLab+44bb9c36+2023-11-23-17h-02m-54s,2,233,242,265,4
AUTOLab+44bb9c36+2023-11-23-17h-02m-54s,3,252,265,265,4
AUTOLab+44bb9c36+2023-11-23-17h-08m-17s,1,123,234,460,5
AUTOLab+44bb9c36+2023-11-23-17h-08m-17s,2,272,392,460,5
AUTOLab+44bb9c36+2023-11-23-17h-08m-17s,3,413,415,460,5
AUTOLab+44bb9c36+2023-11-23-17h-08m-17s,4,430,460,460,5
AUTOLab+44bb9c36+2023-11-23-18h-31m-35s,1,152,233,453,4
AUTOLab+44bb9c36+2023-11-23-18h-31m-35s,2,299,408,453,4
AUTOLab+44bb9c36+2023-11-23-18h-31m-35s,3,433,453,453,4
AUTOLab+44bb9c36+2023-11-23-18h-32m-23s,1,156,237,453,5
AUTOLab+44bb9c36+2023-11-23-18h-32m-23s,2,308,398,453,5
AUTOLab+44bb9c36+2023-11-23-18h-32m-23s,3,401,405,453,5
AUTOLab+44bb9c36+2023-11-23-18h-32m-23s,4,431,453,453,5
AUTOLab+44bb9c36+2023-11-23-19h-47m-13s,1,222,248,248,2
AUTOLab+44bb9c36+2023-11-24-16h-02m-51s,1,177,434,849,4
AUTOLab+44bb9c36+2023-11-24-16h-02m-51s,2,494,605,849,4
AUTOLab+44bb9c36+2023-11-24-16h-02m-51s,3,647,849,849,4
AUTOLab+44bb9c36+2023-11-24-18h-22m-36s,1,187,750,1382,4
AUTOLab+44bb9c36+2023-11-24-18h-22m-36s,2,793,833,1382,4
AUTOLab+44bb9c36+2023-11-24-18h-22m-36s,3,951,1382,1382,4
AUTOLab+44bb9c36+2023-11-24-18h-38m-17s,1,103,178,662,4
AUTOLab+44bb9c36+2023-11-24-18h-38m-17s,2,188,291,662,4
AUTOLab+44bb9c36+2023-11-24-18h-38m-17s,3,308,662,662,4
AUTOLab+44bb9c36+2023-11-24-18h-53m-11s,1,142,941,941,2
AUTOLab+44bb9c36+2023-11-24-18h-57m-25s,1,129,194,900,4
AUTOLab+44bb9c36+2023-11-24-18h-57m-25s,2,211,350,900,4
AUTOLab+44bb9c36+2023-11-24-18h-57m-25s,3,361,900,900,4
AUTOLab+44bb9c36+2023-11-25-10h-19m-02s,1,390,685,984,3
AUTOLab+44bb9c36+2023-11-25-10h-19m-02s,2,721,975,984,3
AUTOLab+44bb9c36+2023-11-25-11h-05m-25s,1,64,253,588,3
AUTOLab+44bb9c36+2023-11-25-11h-05m-25s,2,278,588,588,3
AUTOLab+44bb9c36+2023-11-25-11h-07m-29s,1,160,622,622,2
AUTOLab+44bb9c36+2023-11-25-11h-10m-00s,1,135,700,700,2
AUTOLab+44bb9c36+2023-11-25-11h-13m-51s,1,505,592,592,2
AUTOLab+44bb9c36+2023-11-25-11h-39m-41s,1,197,646,1095,3
AUTOLab+44bb9c36+2023-11-25-11h-39m-41s,2,659,1095,1095,3
AUTOLab+44bb9c36+2023-11-25-11h-50m-53s,1,127,851,975,3
AUTOLab+44bb9c36+2023-11-25-11h-50m-53s,2,856,975,975,3
AUTOLab+44bb9c36+2023-11-25-13h-18m-02s,1,694,774,774,2
AUTOLab+44bb9c36+2023-11-25-13h-39m-05s,1,71,204,742,3
AUTOLab+44bb9c36+2023-11-25-13h-39m-05s,2,233,742,742,3
AUTOLab+44bb9c36+2023-11-25-13h-40m-15s,1,379,578,578,2
AUTOLab+44bb9c36+2023-11-28-09h-03m-58s,1,137,218,693,4
AUTOLab+44bb9c36+2023-11-28-09h-03m-58s,2,257,641,693,4
AUTOLab+44bb9c36+2023-11-28-09h-03m-58s,3,656,693,693,4
AUTOLab+44bb9c36+2023-11-29-17h-22m-07s,1,94,261,419,3
AUTOLab+44bb9c36+2023-11-29-17h-22m-07s,2,278,419,419,3
AUTOLab+44bb9c36+2023-11-29-20h-12m-58s,1,207,312,476,3
AUTOLab+44bb9c36+2023-11-29-20h-12m-58s,2,328,476,476,3
AUTOLab+44bb9c36+2023-11-30-01h-58m-09s,1,828,833,833,2
AUTOLab+44bb9c36+2023-11-30-05h-40m-30s,1,136,492,523,2
AUTOLab+44bb9c36+2023-11-30-10h-57m-25s,1,386,862,1381,5
AUTOLab+44bb9c36+2023-11-30-10h-57m-25s,2,894,1040,1381,5
AUTOLab+44bb9c36+2023-11-30-10h-57m-25s,3,1094,1201,1381,5
AUTOLab+44bb9c36+2023-11-30-10h-57m-25s,4,1303,1381,1381,5
AUTOLab+44bb9c36+2023-11-30-10h-59m-28s,1,1470,1538,1538,2
AUTOLab+44bb9c36+2023-11-30-11h-25m-20s,1,924,1034,1669,5
AUTOLab+44bb9c36+2023-11-30-11h-25m-20s,2,1123,1238,1669,5
AUTOLab+44bb9c36+2023-11-30-11h-25m-20s,3,1326,1407,1669,5
AUTOLab+44bb9c36+2023-11-30-11h-25m-20s,4,1593,1669,1669,5
AUTOLab+44bb9c36+2023-11-30-11h-27m-42s,1,989,1265,1450,3
AUTOLab+44bb9c36+2023-11-30-11h-27m-42s,2,1376,1450,1450,3
AUTOLab+44bb9c36+2023-11-30-11h-50m-56s,1,923,1004,1103,3
AUTOLab+44bb9c36+2023-11-30-11h-50m-56s,2,1034,1103,1103,3
AUTOLab+5d05c5aa+2023-07-07-10h-17m-57s,1,43,423,423,2
AUTOLab+5d05c5aa+2023-07-07-10h-45m-46s,1,67,553,553,2
AUTOLab+5d05c5aa+2023-07-07-10h-56m-37s,1,68,227,227,2
AUTOLab+5d05c5aa+2023-07-23-20h-55m-06s,1,51,298,298,2
AUTOLab+5d05c5aa+2023-08-12-15h-55m-49s,1,119,165,165,2
AUTOLab+5d05c5aa+2023-08-12-20h-31m-55s,1,15,164,164,2
AUTOLab+5d05c5aa+2023-09-02-09h-47m-43s,1,90,186,243,3
AUTOLab+5d05c5aa+2023-09-02-09h-47m-43s,2,195,241,243,3
AUTOLab+5d05c5aa+2023-09-02-09h-51m-19s,1,79,160,216,3
AUTOLab+5d05c5aa+2023-09-02-09h-51m-19s,2,171,216,216,3
AUTOLab+5d05c5aa+2023-09-02-09h-55m-32s,1,102,186,236,3
AUTOLab+5d05c5aa+2023-09-02-09h-55m-32s,2,199,228,236,3
AUTOLab+5d05c5aa+2023-09-02-10h-24m-18s,1,77,101,108,3
AUTOLab+5d05c5aa+2023-09-02-10h-24m-18s,2,105,108,108,3
AUTOLab+5d05c5aa+2023-09-02-10h-32m-29s,1,66,129,196,3
AUTOLab+5d05c5aa+2023-09-02-10h-32m-29s,2,153,189,196,3
AUTOLab+5d05c5aa+2023-09-02-10h-35m-23s,1,70,130,180,3
AUTOLab+5d05c5aa+2023-09-02-10h-35m-23s,2,139,173,180,3
AUTOLab+5d05c5aa+2023-09-02-10h-49m-03s,1,80,160,309,3
AUTOLab+5d05c5aa+2023-09-02-10h-49m-03s,2,173,303,309,3
AUTOLab+5d05c5aa+2023-09-02-10h-51m-11s,1,82,147,404,4
AUTOLab+5d05c5aa+2023-09-02-10h-51m-11s,2,168,235,404,4
AUTOLab+5d05c5aa+2023-09-02-10h-51m-11s,3,251,356,404,4
AUTOLab+5d05c5aa+2023-11-12-16h-54m-03s,1,876,1080,1080,2
AUTOLab+5d05c5aa+2023-11-12-21h-12m-59s,1,352,790,790,2
AUTOLab+5d05c5aa+2023-11-17-22h-34m-22s,1,69,1098,1098,2
AUTOLab+5d05c5aa+2023-11-18-01h-24m-07s,1,16,115,115,2
AUTOLab+7cb094d5+2023-12-13-18h-06m-10s,1,131,162,339,3
AUTOLab+7cb094d5+2023-12-13-18h-06m-10s,2,170,339,339,3
AUTOLab+7cb094d5+2023-12-13-18h-09m-21s,1,68,130,537,3
AUTOLab+7cb094d5+2023-12-13-18h-09m-21s,2,179,537,537,3
AUTOLab+7cb094d5+2023-12-13-21h-25m-01s,1,263,393,495,3
AUTOLab+7cb094d5+2023-12-13-21h-25m-01s,2,405,495,495,3
AUTOLab+7cb094d5+2023-12-13-21h-29m-17s,1,94,558,808,4
AUTOLab+7cb094d5+2023-12-13-21h-29m-17s,2,592,597,808,4
AUTOLab+7cb094d5+2023-12-13-21h-29m-17s,3,630,808,808,4
AUTOLab+7cb094d5+2023-12-13-21h-49m-47s,1,120,300,300,2
AUTOLab+7cb094d5+2023-12-13-22h-08m-16s,1,77,210,210,2
AUTOLab+7cb094d5+2023-12-13-23h-07m-10s,1,60,232,324,4
AUTOLab+7cb094d5+2023-12-13-23h-07m-10s,2,269,278,324,4
AUTOLab+7cb094d5+2023-12-13-23h-07m-10s,3,312,324,324,4
AUTOLab+7cb094d5+2023-12-13-23h-33m-27s,1,56,65,507,9
AUTOLab+7cb094d5+2023-12-13-23h-33m-27s,2,116,125,507,9
AUTOLab+7cb094d5+2023-12-13-23h-33m-27s,3,144,151,507,9
AUTOLab+7cb094d5+2023-12-13-23h-33m-27s,4,186,207,507,9
AUTOLab+7cb094d5+2023-12-13-23h-33m-27s,5,212,300,507,9
AUTOLab+7cb094d5+2023-12-13-23h-33m-27s,6,314,397,507,9
AUTOLab+7cb094d5+2023-12-13-23h-33m-27s,7,400,476,507,9
AUTOLab+7cb094d5+2023-12-13-23h-33m-27s,8,494,507,507,9
AUTOLab+7cb094d5+2023-12-14-10h-45m-51s,1,36,52,1015,7
AUTOLab+7cb094d5+2023-12-14-10h-45m-51s,2,90,218,1015,7
AUTOLab+7cb094d5+2023-12-14-10h-45m-51s,3,226,497,1015,7
AUTOLab+7cb094d5+2023-12-14-10h-45m-51s,4,543,592,1015,7
AUTOLab+7cb094d5+2023-12-14-10h-45m-51s,5,632,780,1015,7
AUTOLab+7cb094d5+2023-12-14-10h-45m-51s,6,806,1015,1015,7
AUTOLab+7cb094d5+2023-12-14-12h-05m-55s,1,197,234,234,2
AUTOLab+7cb094d5+2023-12-14-12h-06m-34s,1,138,536,981,3
AUTOLab+7cb094d5+2023-12-14-12h-06m-34s,2,548,981,981,3
AUTOLab+7cb094d5+2023-12-14-13h-24m-55s,1,73,85,85,2
AUTOLab+7cb094d5+2023-12-15-16h-23m-25s,1,29,407,407,2
AUTOLab+7cb094d5+2023-12-15-16h-25m-41s,1,120,141,409,4
AUTOLab+7cb094d5+2023-12-15-16h-25m-41s,2,168,174,409,4
AUTOLab+7cb094d5+2023-12-15-16h-25m-41s,3,181,409,409,4
AUTOLab+7cb094d5+2023-12-15-17h-07m-32s,1,86,109,134,3
AUTOLab+7cb094d5+2023-12-15-17h-07m-32s,2,118,134,134,3
AUTOLab+7cb094d5+2023-12-15-17h-43m-21s,1,265,413,413,2
AUTOLab+7cb094d5+2023-12-16-00h-23m-42s,1,113,135,454,3
AUTOLab+7cb094d5+2023-12-16-00h-23m-42s,2,143,454,454,3
AUTOLab+7cb094d5+2023-12-16-00h-52m-35s,1,376,404,404,2
AUTOLab+84bd5053+2023-07-21-12h-42m-32s,1,8,129,129,2
AUTOLab+84bd5053+2023-09-04-18h-45m-31s,1,129,221,221,2
AUTOLab+84bd5053+2023-09-10-16h-17m-22s,1,233,567,2100,3
AUTOLab+84bd5053+2023-09-10-16h-17m-22s,2,579,2100,2100,3
AUTOLab+84bd5053+2023-10-13-20h-18m-20s,1,87,93,117,2
AUTOLab+84bd5053+2023-10-13-20h-21m-40s,1,113,120,145,3
AUTOLab+84bd5053+2023-10-13-20h-21m-40s,2,139,145,145,3
AUTOLab+84bd5053+2023-10-13-20h-25m-47s,1,85,96,108,2
AUTOLab+84bd5053+2023-10-13-20h-28m-45s,1,74,87,99,3
AUTOLab+84bd5053+2023-10-13-20h-28m-45s,2,96,99,99,3
AUTOLab+9aed6d7a+2023-11-06-19h-52m-45s,1,32,171,171,2
AUTOLab+9aed6d7a+2023-11-06-20h-11m-23s,1,39,180,180,2
AUTOLab+9aed6d7a+2023-11-06-20h-37m-10s,1,119,185,185,2
AUTOLab+9aed6d7a+2023-11-07-16h-33m-19s,1,212,254,254,2
AUTOLab+9aed6d7a+2023-11-07-17h-14m-19s,1,9,231,231,2
AUTOLab+9aed6d7a+2023-11-07-17h-20m-29s,1,323,340,605,4
AUTOLab+9aed6d7a+2023-11-07-17h-20m-29s,2,350,551,605,4
AUTOLab+9aed6d7a+2023-11-07-17h-20m-29s,3,563,593,605,4
AUTOLab+9aed6d7a+2023-11-07-17h-21m-18s,1,84,218,230,2
AUTOLab+9aed6d7a+2023-11-16-12h-25m-59s,1,8,780,780,2
AUTOLab+9aed6d7a+2023-11-16-14h-36m-32s,1,506,581,581,2
AUTOLab+9aed6d7a+2023-11-16-14h-45m-17s,1,9,534,534,2
AUTOLab+9aed6d7a+2023-11-16-15h-38m-38s,1,104,139,152,2
AUTOLab+9aed6d7a+2023-11-16-15h-39m-00s,1,166,190,190,2
AUTOLab+9aed6d7a+2023-11-16-15h-41m-42s,1,115,148,201,2
AUTOLab+9aed6d7a+2023-11-16-15h-46m-57s,1,122,158,196,3
AUTOLab+9aed6d7a+2023-11-16-15h-46m-57s,2,179,196,196,3
AUTOLab+9aed6d7a+2023-11-16-15h-52m-16s,1,95,157,157,2
AUTOLab+9aed6d7a+2023-11-16-16h-15m-06s,1,101,154,161,2
AUTOLab+9aed6d7a+2023-11-16-16h-29m-52s,1,153,334,356,2
AUTOLab+9aed6d7a+2023-11-21-15h-33m-18s,1,120,144,266,4
AUTOLab+9aed6d7a+2023-11-21-15h-33m-18s,2,157,159,266,4
AUTOLab+9aed6d7a+2023-11-21-15h-33m-18s,3,173,266,266,4
AUTOLab+9aed6d7a+2023-11-21-16h-13m-16s,1,422,488,488,2
AUTOLab+9aed6d7a+2023-11-21-16h-14m-05s,1,171,220,576,4
AUTOLab+9aed6d7a+2023-11-21-16h-14m-05s,2,235,437,576,4
AUTOLab+9aed6d7a+2023-11-21-16h-14m-05s,3,479,576,576,4
AUTOLab+9aed6d7a+2023-11-22-14h-11m-35s,1,370,580,580,2
AUTOLab+9aed6d7a+2023-11-22-14h-12m-52s,1,150,324,438,3
AUTOLab+9aed6d7a+2023-11-22-14h-12m-52s,2,346,438,438,3
AUTOLab+9aed6d7a+2023-11-30-13h-47m-57s,1,9,846,846,2
AUTOLab+cf2a60c6+2023-11-18-17h-29m-55s,1,116,185,185,2
AUTOLab+cf2a60c6+2023-11-20-09h-03m-56s,1,16,453,453,2
AUTOLab+cf2a60c6+2023-11-27-08h-55m-59s,1,132,298,473,3
AUTOLab+cf2a60c6+2023-11-27-08h-55m-59s,2,317,473,473,3
AUTOLab+cf2a60c6+2023-12-16-17h-16m-01s,1,191,333,419,4
AUTOLab+cf2a60c6+2023-12-16-17h-16m-01s,2,348,376,419,4
AUTOLab+cf2a60c6+2023-12-16-17h-16m-01s,3,401,419,419,4
AUTOLab+cf2a60c6+2023-12-16-17h-20m-16s,1,140,443,443,2
AUTOLab+cf2a60c6+2023-12-16-17h-53m-09s,1,110,249,249,2
AUTOLab+cf2a60c6+2023-12-18-10h-49m-04s,1,117,229,533,4
AUTOLab+cf2a60c6+2023-12-18-10h-49m-04s,2,269,482,533,4
AUTOLab+cf2a60c6+2023-12-18-10h-49m-04s,3,488,533,533,4
AUTOLab+cf2a60c6+2023-12-18-11h-01m-10s,1,118,211,926,7
AUTOLab+cf2a60c6+2023-12-18-11h-01m-10s,2,225,457,926,7
AUTOLab+cf2a60c6+2023-12-18-11h-01m-10s,3,491,575,926,7
AUTOLab+cf2a60c6+2023-12-18-11h-01m-10s,4,586,669,926,7
AUTOLab+cf2a60c6+2023-12-18-11h-01m-10s,5,702,837,926,7
AUTOLab+cf2a60c6+2023-12-18-11h-01m-10s,6,844,926,926,7
AUTOLab+cf2a60c6+2023-12-18-11h-26m-08s,1,140,378,833,5
AUTOLab+cf2a60c6+2023-12-18-11h-26m-08s,2,384,502,833,5
AUTOLab+cf2a60c6+2023-12-18-11h-26m-08s,3,520,792,833,5
AUTOLab+cf2a60c6+2023-12-18-11h-26m-08s,4,813,833,833,5
AUTOLab+cf2a60c6+2023-12-18-11h-32m-14s,1,101,206,1262,5
AUTOLab+cf2a60c6+2023-12-18-11h-32m-14s,2,215,303,1262,5
AUTOLab+cf2a60c6+2023-12-18-11h-32m-14s,3,307,751,1262,5
AUTOLab+cf2a60c6+2023-12-18-11h-32m-14s,4,783,1262,1262,5
AUTOLab+cf2a60c6+2023-12-18-11h-42m-44s,1,121,712,712,2
AUTOLab+cf2a60c6+2023-12-18-12h-12m-12s,1,150,279,340,3
AUTOLab+cf2a60c6+2023-12-18-12h-12m-12s,2,287,340,340,3
AUTOLab+cf2a60c6+2023-12-18-12h-19m-01s,1,109,290,290,2
AUTOLab+cf2a60c6+2023-12-18-12h-25m-14s,1,119,347,676,3
AUTOLab+cf2a60c6+2023-12-18-12h-25m-14s,2,369,676,676,3
AUTOLab+cf2a60c6+2023-12-18-12h-39m-32s,1,179,185,297,3
AUTOLab+cf2a60c6+2023-12-18-12h-39m-32s,2,198,297,297,3
AUTOLab+cf2a60c6+2023-12-18-12h-41m-06s,1,228,304,1123,7
AUTOLab+cf2a60c6+2023-12-18-12h-41m-06s,2,324,447,1123,7
AUTOLab+cf2a60c6+2023-12-18-12h-41m-06s,3,487,581,1123,7
AUTOLab+cf2a60c6+2023-12-18-12h-41m-06s,4,600,768,1123,7
AUTOLab+cf2a60c6+2023-12-18-12h-41m-06s,5,777,913,1123,7
AUTOLab+cf2a60c6+2023-12-18-12h-41m-06s,6,1002,1091,1123,7
AUTOLab+cf2a60c6+2023-12-18-12h-42m-39s,1,200,724,1221,7
AUTOLab+cf2a60c6+2023-12-18-12h-42m-39s,2,738,864,1221,7
AUTOLab+cf2a60c6+2023-12-18-12h-42m-39s,3,887,956,1221,7
AUTOLab+cf2a60c6+2023-12-18-12h-42m-39s,4,980,1034,1221,7
AUTOLab+cf2a60c6+2023-12-18-12h-42m-39s,5,1132,1147,1221,7
AUTOLab+cf2a60c6+2023-12-18-12h-42m-39s,6,1174,1221,1221,7
AUTOLab+cf2a60c6+2023-12-18-17h-14m-40s,1,164,433,568,3
AUTOLab+cf2a60c6+2023-12-18-17h-14m-40s,2,488,568,568,3
AUTOLab+t3d58310+2023-08-19-17h-40m-34s,1,24,771,771,2
AUTOLab+t3d58310+2023-08-19-17h-41m-40s,1,158,309,1221,7
AUTOLab+t3d58310+2023-08-19-17h-41m-40s,2,322,574,1221,7
AUTOLab+t3d58310+2023-08-19-17h-41m-40s,3,580,923,1221,7
AUTOLab+t3d58310+2023-08-19-17h-41m-40s,4,941,1056,1221,7
AUTOLab+t3d58310+2023-08-19-17h-41m-40s,5,1085,1178,1221,7
AUTOLab+t3d58310+2023-08-19-17h-41m-40s,6,1187,1206,1221,7
AUTOLab+t3d58310+2023-09-02-13h-33m-34s,1,196,225,949,14
AUTOLab+t3d58310+2023-09-02-13h-33m-34s,2,266,321,949,14
AUTOLab+t3d58310+2023-09-02-13h-33m-34s,3,327,340,949,14
AUTOLab+t3d58310+2023-09-02-13h-33m-34s,4,354,380,949,14
AUTOLab+t3d58310+2023-09-02-13h-33m-34s,5,393,406,949,14
AUTOLab+t3d58310+2023-09-02-13h-33m-34s,6,437,492,949,14
AUTOLab+t3d58310+2023-09-02-13h-33m-34s,7,501,523,949,14
AUTOLab+t3d58310+2023-09-02-13h-33m-34s,8,529,601,949,14
AUTOLab+t3d58310+2023-09-02-13h-33m-34s,9,606,712,949,14
AUTOLab+t3d58310+2023-09-02-13h-33m-34s,10,715,732,949,14
AUTOLab+t3d58310+2023-09-02-13h-33m-34s,11,738,802,949,14
AUTOLab+t3d58310+2023-09-02-13h-33m-34s,12,811,824,949,14
AUTOLab+t3d58310+2023-09-02-13h-33m-34s,13,837,941,949,14
AUTOLab+t3d58310+2023-09-02-14h-27m-35s,1,177,208,933,12
AUTOLab+t3d58310+2023-09-02-14h-27m-35s,2,221,230,933,12
AUTOLab+t3d58310+2023-09-02-14h-27m-35s,3,272,340,933,12
AUTOLab+t3d58310+2023-09-02-14h-27m-35s,4,384,417,933,12
AUTOLab+t3d58310+2023-09-02-14h-27m-35s,5,452,536,933,12
AUTOLab+t3d58310+2023-09-02-14h-27m-35s,6,547,554,933,12
AUTOLab+t3d58310+2023-09-02-14h-27m-35s,7,579,616,933,12
AUTOLab+t3d58310+2023-09-02-14h-27m-35s,8,652,690,933,12
AUTOLab+t3d58310+2023-09-02-14h-27m-35s,9,741,770,933,12
AUTOLab+t3d58310+2023-09-02-14h-27m-35s,10,812,854,933,12
AUTOLab+t3d58310+2023-09-02-14h-27m-35s,11,867,904,933,12
AUTOLab+t3d58310+2023-09-02-15h-15m-44s,1,228,242,972,16
AUTOLab+t3d58310+2023-09-02-15h-15m-44s,2,281,324,972,16
AUTOLab+t3d58310+2023-09-02-15h-15m-44s,3,337,354,972,16
AUTOLab+t3d58310+2023-09-02-15h-15m-44s,4,363,464,972,16
AUTOLab+t3d58310+2023-09-02-15h-15m-44s,5,480,524,972,16
AUTOLab+t3d58310+2023-09-02-15h-15m-44s,6,531,548,972,16
AUTOLab+t3d58310+2023-09-02-15h-15m-44s,7,562,597,972,16
AUTOLab+t3d58310+2023-09-02-15h-15m-44s,8,609,631,972,16
AUTOLab+t3d58310+2023-09-02-15h-15m-44s,9,670,695,972,16
AUTOLab+t3d58310+2023-09-02-15h-15m-44s,10,714,727,972,16
AUTOLab+t3d58310+2023-09-02-15h-15m-44s,11,762,772,972,16
AUTOLab+t3d58310+2023-09-02-15h-15m-44s,12,816,829,972,16
AUTOLab+t3d58310+2023-09-02-15h-15m-44s,13,849,868,972,16
AUTOLab+t3d58310+2023-09-02-15h-15m-44s,14,911,933,972,16
AUTOLab+t3d58310+2023-09-02-15h-15m-44s,15,950,970,972,16
CLVR+13759f6e+2023-05-16-21h-52m-56s,1,158,301,301,2
CLVR+13759f6e+2023-05-19-22h-01m-34s,1,187,265,265,2
CLVR+13759f6e+2023-05-20-15h-25m-34s,1,147,180,180,2
CLVR+13759f6e+2023-05-20-15h-25m-58s,1,109,121,179,2
CLVR+13759f6e+2023-05-20-17h-33m-35s,1,109,170,170,2
CLVR+13759f6e+2023-06-03-22h-54m-58s,1,259,264,283,2
CLVR+13759f6e+2023-06-09-11h-23m-32s,1,91,118,118,2
CLVR+13759f6e+2023-06-13-01h-33m-52s,1,45,142,142,2
CLVR+236539bc+2023-05-16-19h-24m-38s,1,203,280,280,2
CLVR+236539bc+2023-05-16-19h-40m-53s,1,140,183,183,2
CLVR+236539bc+2023-05-16-19h-53m-56s,1,167,183,210,2
CLVR+236539bc+2023-05-16-20h-03m-58s,1,108,141,141,2
CLVR+236539bc+2023-05-29-22h-34m-38s,1,211,287,375,2
CLVR+236539bc+2023-05-29-23h-20m-35s,1,162,209,280,2
CLVR+236539bc+2023-05-29-23h-54m-53s,1,147,187,559,5
CLVR+236539bc+2023-05-29-23h-54m-53s,2,262,331,559,5
CLVR+236539bc+2023-05-29-23h-54m-53s,3,419,476,559,5
CLVR+236539bc+2023-05-29-23h-54m-53s,4,522,548,559,5
CLVR+236539bc+2023-05-30-00h-17m-53s,1,147,167,167,2
CLVR+236539bc+2023-05-30-01h-39m-29s,1,143,194,194,2
CLVR+236539bc+2023-05-31-13h-29m-18s,1,213,216,216,2
CLVR+236539bc+2023-06-20-04h-19m-27s,1,49,141,141,2
CLVR+236539bc+2023-06-25-17h-30m-33s,1,148,156,156,2
CLVR+236539bc+2023-06-25-18h-24m-07s,1,227,298,298,2
CLVR+236539bc+2023-06-25-18h-47m-26s,1,130,151,192,3
CLVR+236539bc+2023-06-25-18h-47m-26s,2,166,192,192,3
CLVR+236539bc+2023-08-06-19h-27m-40s,1,145,188,197,2
GuptaLab+553d1bd5+2023-06-18-18h-56m-48s,1,27,97,97,2
ILIAD+50aee79f+2023-08-15-23h-31m-50s,1,64,267,267,2
ILIAD+50aee79f+2023-08-17-15h-32m-21s,1,122,430,430,2
ILIAD+50aee79f+2023-08-17-19h-27m-06s,1,108,193,193,2
ILIAD+50aee79f+2023-08-19-11h-18m-42s,1,32,44,225,4
ILIAD+50aee79f+2023-08-19-11h-18m-42s,2,107,145,225,4
ILIAD+50aee79f+2023-08-19-11h-18m-42s,3,158,211,225,4
ILIAD+50aee79f+2023-08-19-11h-23m-10s,1,159,231,245,2
ILIAD+50aee79f+2023-08-20-11h-35m-55s,1,177,294,294,2
ILIAD+5e938e3b+2023-07-17-11h-21m-46s,1,68,333,333,2
ILIAD+5e938e3b+2023-07-17-11h-31m-36s,1,41,46,268,4
ILIAD+5e938e3b+2023-07-17-11h-31m-36s,2,53,59,268,4
ILIAD+5e938e3b+2023-07-17-11h-31m-36s,3,69,268,268,4
ILIAD+5e938e3b+2023-07-17-11h-51m-13s,1,55,75,234,3
ILIAD+5e938e3b+2023-07-17-11h-51m-13s,2,112,234,234,3
ILIAD+5e938e3b+2023-07-18-13h-20m-37s,1,119,287,287,2
ILIAD+5e938e3b+2023-07-19-11h-56m-36s,1,172,312,689,5
ILIAD+5e938e3b+2023-07-19-11h-56m-36s,2,413,474,689,5
ILIAD+5e938e3b+2023-07-19-11h-56m-36s,3,523,572,689,5
ILIAD+5e938e3b+2023-07-19-11h-56m-36s,4,665,681,689,5
ILIAD+5e938e3b+2023-07-19-12h-56m-56s,1,108,140,140,2
ILIAD+5e938e3b+2023-07-19-13h-52m-00s,1,78,119,137,2
ILIAD+5e938e3b+2023-07-19-17h-54m-22s,1,69,147,199,2
ILIAD+5e938e3b+2023-07-19-17h-58m-50s,1,233,268,273,2
ILIAD+5e938e3b+2023-07-19-18h-08m-59s,1,175,195,195,2
ILIAD+5e938e3b+2023-07-19-18h-13m-07s,1,126,156,311,4
ILIAD+5e938e3b+2023-07-19-18h-13m-07s,2,178,236,311,4
ILIAD+5e938e3b+2023-07-19-18h-13m-07s,3,293,308,311,4
ILIAD+5e938e3b+2023-07-19-18h-15m-33s,1,106,135,135,2
ILIAD+5e938e3b+2023-07-19-19h-29m-30s,1,41,126,262,3
ILIAD+5e938e3b+2023-07-19-19h-29m-30s,2,239,262,262,3
ILIAD+5e938e3b+2023-07-19-19h-31m-31s,1,60,93,539,4
ILIAD+5e938e3b+2023-07-19-19h-31m-31s,2,162,375,539,4
ILIAD+5e938e3b+2023-07-19-19h-31m-31s,3,532,539,539,4
ILIAD+5e938e3b+2023-07-19-19h-35m-58s,1,59,99,230,2
ILIAD+5e938e3b+2023-07-19-19h-43m-13s,1,301,344,349,2
ILIAD+5e938e3b+2023-07-19-19h-46m-15s,1,152,197,197,2
ILIAD+5e938e3b+2023-07-19-19h-57m-53s,1,132,163,293,3
ILIAD+5e938e3b+2023-07-19-19h-57m-53s,2,249,283,293,3
ILIAD+5e938e3b+2023-07-19-20h-03m-27s,1,54,90,1082,12
ILIAD+5e938e3b+2023-07-19-20h-03m-27s,2,136,291,1082,12
ILIAD+5e938e3b+2023-07-19-20h-03m-27s,3,301,379,1082,12
ILIAD+5e938e3b+2023-07-19-20h-03m-27s,4,671,673,1082,12
ILIAD+5e938e3b+2023-07-19-20h-03m-27s,5,687,706,1082,12
ILIAD+5e938e3b+2023-07-19-20h-03m-27s,6,715,738,1082,12
ILIAD+5e938e3b+2023-07-19-20h-03m-27s,7,748,778,1082,12
ILIAD+5e938e3b+2023-07-19-20h-03m-27s,8,808,865,1082,12
ILIAD+5e938e3b+2023-07-19-20h-03m-27s,9,998,1026,1082,12
ILIAD+5e938e3b+2023-07-19-20h-03m-27s,10,1037,1040,1082,12
ILIAD+5e938e3b+2023-07-19-20h-03m-27s,11,1046,1082,1082,12
ILIAD+5e938e3b+2023-07-19-20h-24m-49s,1,125,142,347,4
ILIAD+5e938e3b+2023-07-19-20h-24m-49s,2,163,274,347,4
ILIAD+5e938e3b+2023-07-19-20h-24m-49s,3,318,339,347,4
ILIAD+5e938e3b+2023-07-19-20h-37m-36s,1,83,112,152,3
ILIAD+5e938e3b+2023-07-19-20h-37m-36s,2,121,152,152,3
ILIAD+5e938e3b+2023-07-19-20h-41m-49s,1,44,120,120,2
ILIAD+5e938e3b+2023-07-19-20h-56m-25s,1,124,168,170,2
ILIAD+5e938e3b+2023-07-20-10h-30m-56s,1,97,1034,1034,2
ILIAD+5e938e3b+2023-07-20-11h-56m-28s,1,205,211,565,4
ILIAD+5e938e3b+2023-07-20-11h-56m-28s,2,223,434,565,4
ILIAD+5e938e3b+2023-07-20-11h-56m-28s,3,455,565,565,4
ILIAD+5e938e3b+2023-07-20-12h-28m-58s,1,251,276,365,3
ILIAD+5e938e3b+2023-07-20-12h-28m-58s,2,296,365,365,3
ILIAD+5e938e3b+2023-07-20-12h-37m-16s,1,120,154,155,2
ILIAD+5e938e3b+2023-07-20-12h-48m-15s,1,147,199,642,4
ILIAD+5e938e3b+2023-07-20-12h-48m-15s,2,215,507,642,4
ILIAD+5e938e3b+2023-07-20-12h-48m-15s,3,555,633,642,4
ILIAD+5e938e3b+2023-07-20-14h-29m-48s,1,62,210,210,2
ILIAD+5e938e3b+2023-07-21-22h-16m-04s,1,42,134,148,2
ILIAD+5e938e3b+2023-07-27-23h-31m-22s,1,260,272,272,2
ILIAD+5e938e3b+2023-07-28-10h-27m-15s,1,440,446,446,2
ILIAD+5e938e3b+2023-07-29-20h-45m-56s,1,167,218,574,3
ILIAD+5e938e3b+2023-07-29-20h-45m-56s,2,562,565,574,3
ILIAD+7ae1bcff+2023-05-23-19h-25m-22s,1,271,369,369,2
ILIAD+7ae1bcff+2023-05-24-18h-47m-07s,1,125,348,348,2
ILIAD+7ae1bcff+2023-05-30-16h-45m-45s,1,250,387,387,2
ILIAD+7ae1bcff+2023-05-31-17h-49m-48s,1,188,200,200,2
ILIAD+7ae1bcff+2023-06-03-19h-05m-51s,1,11,252,252,2
ILIAD+j807b3f8+2023-05-11-17h-55m-19s,1,155,215,215,2
ILIAD+j807b3f8+2023-06-11-15h-21m-07s,1,325,453,453,2
ILIAD+sbd7d2c6+2023-12-24-16h-10m-24s,1,122,491,491,2
ILIAD+sbd7d2c6+2023-12-24-17h-13m-11s,1,18,282,282,2
IPRL+2fe9715d+2023-08-21-17h-35m-33s,1,63,73,348,3
IPRL+2fe9715d+2023-08-21-17h-35m-33s,2,76,348,348,3
IPRL+2fe9715d+2023-08-21-22h-54m-01s,1,182,208,234,3
IPRL+2fe9715d+2023-08-21-22h-54m-01s,2,227,234,234,3
IPRL+2fe9715d+2023-08-22-00h-08m-29s,1,176,218,228,2
IPRL+2fe9715d+2023-08-22-11h-46m-59s,1,206,213,221,2
IPRL+2fe9715d+2023-08-22-12h-37m-25s,1,89,101,125,3
IPRL+2fe9715d+2023-08-22-12h-37m-25s,2,113,120,125,3
IPRL+2fe9715d+2023-08-22-21h-22m-00s,1,404,674,674,2
IPRL+2fe9715d+2023-08-22-21h-23m-29s,1,150,173,399,3
IPRL+2fe9715d+2023-08-22-21h-23m-29s,2,187,399,399,3
IPRL+2fe9715d+2023-08-22-23h-36m-17s,1,310,323,323,2
IPRL+2fe9715d+2023-08-24-12h-34m-31s,1,110,119,307,3
IPRL+2fe9715d+2023-08-24-12h-34m-31s,2,138,307,307,3
IPRL+2fe9715d+2023-08-24-13h-21m-32s,1,171,506,521,3
IPRL+2fe9715d+2023-08-24-13h-21m-32s,2,513,521,521,3
IPRL+2fe9715d+2023-08-24-20h-29m-28s,1,126,281,410,3
IPRL+2fe9715d+2023-08-24-20h-29m-28s,2,363,410,410,3
IPRL+2fe9715d+2023-08-24-21h-29m-53s,1,307,317,401,3
IPRL+2fe9715d+2023-08-24-21h-29m-53s,2,350,401,401,3
IPRL+2fe9715d+2023-08-24-21h-40m-58s,1,139,140,183,3
IPRL+2fe9715d+2023-08-24-21h-40m-58s,2,165,183,183,3
IPRL+2fe9715d+2023-08-25-14h-15m-17s,1,134,282,282,2
IPRL+2fe9715d+2023-08-25-15h-47m-53s,1,177,216,216,2
IPRL+41a1536a+2023-11-08-23h-17m-09s,1,400,541,541,2
IPRL+41a1536a+2023-11-08-23h-33m-16s,1,172,210,408,7
IPRL+41a1536a+2023-11-08-23h-33m-16s,2,219,227,408,7
IPRL+41a1536a+2023-11-08-23h-33m-16s,3,248,249,408,7
IPRL+41a1536a+2023-11-08-23h-33m-16s,4,261,281,408,7
IPRL+41a1536a+2023-11-08-23h-33m-16s,5,315,317,408,7
IPRL+41a1536a+2023-11-08-23h-33m-16s,6,375,408,408,7
IPRL+41a1536a+2023-11-09-16h-55m-17s,1,165,229,403,3
IPRL+41a1536a+2023-11-09-16h-55m-17s,2,238,403,403,3
IPRL+41a1536a+2023-11-09-17h-27m-17s,1,118,255,255,2
IPRL+41a1536a+2023-11-09-17h-36m-16s,1,126,230,230,2
IPRL+41a1536a+2023-11-09-18h-11m-36s,1,239,287,371,3
IPRL+41a1536a+2023-11-09-18h-11m-36s,2,296,371,371,3
IPRL+41a1536a+2023-11-09-18h-27m-17s,1,230,330,531,4
IPRL+41a1536a+2023-11-09-18h-27m-17s,2,379,453,531,4
IPRL+41a1536a+2023-11-09-18h-27m-17s,3,480,531,531,4
IPRL+41a1536a+2023-11-13-23h-59m-55s,1,185,491,491,2
IPRL+41a1536a+2023-11-14-00h-06m-08s,1,228,291,581,3
IPRL+41a1536a+2023-11-14-00h-06m-08s,2,304,581,581,3
IPRL+5085c3ce+2023-10-08-14h-00m-12s,1,198,217,217,2
IPRL+5085c3ce+2023-10-11-22h-38m-54s,1,69,179,179,2
IPRL+5085c3ce+2023-10-11-23h-27m-23s,1,277,289,289,2
IPRL+5085c3ce+2023-10-11-23h-53m-50s,1,121,124,238,2
IPRL+5085c3ce+2023-10-12-01h-25m-40s,1,451,461,698,3
IPRL+5085c3ce+2023-10-12-01h-25m-40s,2,580,698,698,3
IPRL+5085c3ce+2023-10-14-21h-06m-37s,1,145,222,355,3
IPRL+5085c3ce+2023-10-14-21h-06m-37s,2,294,355,355,3
IPRL+5085c3ce+2023-10-14-21h-22m-06s,1,193,241,241,2
IPRL+5085c3ce+2023-10-14-21h-33m-59s,1,135,238,238,2
IPRL+5085c3ce+2023-10-14-22h-56m-25s,1,215,260,349,3
IPRL+5085c3ce+2023-10-14-22h-56m-25s,2,299,349,349,3
IPRL+5085c3ce+2023-10-16-20h-55m-58s,1,106,127,127,2
IPRL+5085c3ce+2023-10-17-21h-14m-05s,1,206,619,650,3
IPRL+5085c3ce+2023-10-17-21h-14m-05s,2,622,650,650,3
IPRL+5085c3ce+2023-10-19-21h-43m-00s,1,160,268,1165,8
IPRL+5085c3ce+2023-10-19-21h-43m-00s,2,284,418,1165,8
IPRL+5085c3ce+2023-10-19-21h-43m-00s,3,429,539,1165,8
IPRL+5085c3ce+2023-10-19-21h-43m-00s,4,543,646,1165,8
IPRL+5085c3ce+2023-10-19-21h-43m-00s,5,660,778,1165,8
IPRL+5085c3ce+2023-10-19-21h-43m-00s,6,793,1132,1165,8
IPRL+5085c3ce+2023-10-19-21h-43m-00s,7,1146,1165,1165,8
IPRL+5085c3ce+2023-10-19-23h-03m-38s,1,194,254,254,2
IPRL+5085c3ce+2023-10-19-23h-12m-40s,1,102,307,307,2
IPRL+5085c3ce+2023-10-21-14h-31m-29s,1,271,376,477,3
IPRL+5085c3ce+2023-10-21-14h-31m-29s,2,380,477,477,3
IPRL+5085c3ce+2023-10-21-15h-10m-49s,1,179,218,218,2
IPRL+5085c3ce+2023-10-21-15h-36m-30s,1,90,129,246,4
IPRL+5085c3ce+2023-10-21-15h-36m-30s,2,144,150,246,4
IPRL+5085c3ce+2023-10-21-15h-36m-30s,3,186,246,246,4
IPRL+5085c3ce+2023-10-21-17h-45m-44s,1,148,198,198,2
IPRL+5085c3ce+2023-10-21-19h-22m-59s,1,77,151,243,3
IPRL+5085c3ce+2023-10-21-19h-22m-59s,2,169,243,243,3
IPRL+5085c3ce+2023-10-21-19h-29m-24s,1,167,198,198,2
IPRL+5085c3ce+2023-10-21-19h-46m-56s,1,167,202,202,2
IPRL+5085c3ce+2023-10-21-19h-47m-18s,1,60,73,192,4
IPRL+5085c3ce+2023-10-21-19h-47m-18s,2,77,86,192,4
IPRL+5085c3ce+2023-10-21-19h-47m-18s,3,158,192,192,4
IPRL+5085c3ce+2023-10-21-21h-34m-36s,1,93,156,341,3
IPRL+5085c3ce+2023-10-21-21h-34m-36s,2,238,341,341,3
IPRL+5085c3ce+2023-10-22-14h-52m-00s,1,538,775,1052,3
IPRL+5085c3ce+2023-10-22-14h-52m-00s,2,813,1052,1052,3
IPRL+7790ec0a+2023-04-24-16h-33m-55s,1,105,156,156,2
IPRL+7790ec0a+2023-04-30-19h-05m-45s,1,80,377,377,2
IPRL+7790ec0a+2023-06-30-20h-20m-44s,1,353,412,412,2
IPRL+89b42cd2+2023-11-24-21h-09m-27s,1,276,1189,1189,2
IPRL+89b42cd2+2023-11-27-17h-00m-44s,1,196,258,485,3
IPRL+89b42cd2+2023-11-27-17h-00m-44s,2,281,485,485,3
IPRL+edf28ef3+2023-05-12-15h-33m-28s,1,314,409,409,2
IPRL+edf28ef3+2023-12-18-22h-42m-31s,1,319,329,329,2
IPRL+edf28ef3+2023-12-19-11h-08m-56s,1,227,288,288,2
IPRL+edf28ef3+2023-12-19-21h-15m-45s,1,233,279,523,4
IPRL+edf28ef3+2023-12-19-21h-15m-45s,2,286,332,523,4
IPRL+edf28ef3+2023-12-19-21h-15m-45s,3,339,523,523,4
IPRL+edf28ef3+2023-12-20-12h-28m-16s,1,309,485,485,2
IPRL+edf28ef3+2023-12-20-12h-46m-02s,1,28,326,326,2
IPRL+edf28ef3+2024-01-02-13h-02m-06s,1,352,369,1458,4
IPRL+edf28ef3+2024-01-02-13h-02m-06s,2,778,800,1458,4
IPRL+edf28ef3+2024-01-02-13h-02m-06s,3,943,956,1458,4
IPRL+edf28ef3+2024-01-02-15h-21m-01s,1,171,334,2437,7
IPRL+edf28ef3+2024-01-02-15h-21m-01s,2,356,624,2437,7
IPRL+edf28ef3+2024-01-02-15h-21m-01s,3,632,766,2437,7
IPRL+edf28ef3+2024-01-02-15h-21m-01s,4,773,978,2437,7
IPRL+edf28ef3+2024-01-02-15h-21m-01s,5,993,2126,2437,7
IPRL+edf28ef3+2024-01-02-15h-21m-01s,6,2149,2437,2437,7
IPRL+w026bb9b+2023-04-20-23h-02m-05s,1,182,195,214,2
IPRL+w026bb9b+2023-04-20-23h-08m-29s,1,310,327,349,2
IPRL+w026bb9b+2023-04-20-23h-22m-49s,1,44,104,153,3
IPRL+w026bb9b+2023-04-20-23h-22m-49s,2,112,146,153,3
IPRL+w026bb9b+2023-04-21-00h-10m-46s,1,174,190,190,2
IPRL+w026bb9b+2023-04-21-00h-27m-34s,1,118,131,135,2
IPRL+w026bb9b+2023-09-22-18h-05m-40s,1,242,268,268,2
IPRL+w026bb9b+2023-09-22-20h-07m-26s,1,85,242,242,2
IRIS+226b9f35+2023-07-11-12h-47m-47s,1,122,218,218,2
IRIS+226b9f35+2023-07-11-13h-00m-50s,1,411,446,582,3
IRIS+226b9f35+2023-07-11-13h-00m-50s,2,478,582,582,3
IRIS+226b9f35+2023-07-16-17h-28m-13s,1,161,163,414,4
IRIS+226b9f35+2023-07-16-17h-28m-13s,2,181,286,414,4
IRIS+226b9f35+2023-07-16-17h-28m-13s,3,339,414,414,4
IRIS+226b9f35+2023-07-18-22h-10m-38s,1,151,204,204,2
IRIS+226b9f35+2023-07-18-22h-28m-20s,1,378,1194,1194,2
IRIS+226b9f35+2023-07-18-22h-38m-05s,1,152,388,570,3
IRIS+226b9f35+2023-07-18-22h-38m-05s,2,476,570,570,3
IRIS+7dfa2da3+2023-04-18-10h-47m-59s,1,20,223,223,2
IRIS+7dfa2da3+2023-04-18-11h-30m-20s,1,129,174,174,2
IRIS+7dfa2da3+2023-04-18-11h-56m-29s,1,283,377,377,2
IRIS+7dfa2da3+2023-04-26-10h-13m-10s,1,164,245,245,2
IRIS+7dfa2da3+2023-05-05-10h-22m-47s,1,23,162,162,2
IRIS+7dfa2da3+2023-05-05-11h-13m-19s,1,62,221,221,2
IRIS+7dfa2da3+2023-05-05-11h-22m-24s,1,120,153,153,2
IRIS+7dfa2da3+2023-05-05-11h-24m-25s,1,93,115,115,2
IRIS+7dfa2da3+2023-05-08-14h-35m-09s,1,129,171,171,2
IRIS+7dfa2da3+2023-05-11-15h-17m-03s,1,169,254,254,2
IRIS+7dfa2da3+2023-05-11-15h-49m-17s,1,333,379,389,2
IRIS+7dfa2da3+2023-05-11-15h-51m-30s,1,100,137,137,2
IRIS+7dfa2da3+2023-05-12-11h-28m-17s,1,154,200,202,2
IRIS+7dfa2da3+2023-05-12-11h-29m-25s,1,143,177,177,2
IRIS+7dfa2da3+2023-05-12-11h-29m-48s,1,191,220,225,2
IRIS+7dfa2da3+2023-05-12-11h-30m-18s,1,165,199,517,4
IRIS+7dfa2da3+2023-05-12-11h-30m-18s,2,216,454,517,4
IRIS+7dfa2da3+2023-05-12-11h-30m-18s,3,485,516,517,4
IRIS+7dfa2da3+2023-05-12-11h-41m-10s,1,147,164,171,2
IRIS+7dfa2da3+2023-05-25-13h-49m-00s,1,155,315,315,2
IRIS+7dfa2da3+2023-06-01-13h-35m-56s,1,36,137,137,2
IRIS+7dfa2da3+2023-06-02-10h-53m-00s,1,139,194,194,2
IRIS+7dfa2da3+2023-06-02-10h-53m-58s,1,44,219,223,2
IRIS+7dfa2da3+2023-06-02-10h-56m-44s,1,170,175,297,3
IRIS+7dfa2da3+2023-06-02-10h-56m-44s,2,214,262,297,3
IRIS+7dfa2da3+2023-06-06-11h-08m-58s,1,171,182,182,2
IRIS+7dfa2da3+2023-06-08-15h-11m-33s,1,127,190,190,2
IRIS+7dfa2da3+2023-11-01-11h-44m-40s,1,217,246,246,2
IRIS+85a5958f+2023-07-01-01h-39m-09s,1,80,186,194,3
IRIS+85a5958f+2023-07-01-01h-39m-09s,2,190,194,194,3
IRIS+85a5958f+2023-07-04-16h-45m-37s,1,266,333,424,2
IRIS+938130c4+2023-07-10-15h-57m-13s,1,124,339,339,2
IRIS+938130c4+2023-07-14-15h-01m-44s,1,112,357,357,2
IRIS+938130c4+2023-07-14-16h-19m-48s,1,66,86,148,3
IRIS+938130c4+2023-07-14-16h-19m-48s,2,127,148,148,3
IRIS+938130c4+2023-07-14-16h-22m-12s,1,70,220,488,4
IRIS+938130c4+2023-07-14-16h-22m-12s,2,248,261,488,4
IRIS+938130c4+2023-07-14-16h-22m-12s,3,275,488,488,4
IRIS+938130c4+2023-07-14-17h-10m-00s,1,65,164,164,2
IRIS+938130c4+2023-07-14-17h-24m-37s,1,179,191,191,2
IRIS+938130c4+2023-07-14-17h-27m-24s,1,68,175,175,2
IRIS+938130c4+2023-07-17-15h-39m-36s,1,91,243,250,2
IRIS+ef107c48+2023-03-08-17h-40m-12s,1,90,122,130,2
IRIS+ef107c48+2023-03-08-19h-44m-01s,1,92,145,181,3
IRIS+ef107c48+2023-03-08-19h-44m-01s,2,164,171,181,3
IRIS+ef107c48+2023-03-08-19h-50m-41s,1,102,115,118,2
IRIS+ef107c48+2023-03-08-19h-52m-34s,1,68,89,92,2
IRIS+f94b8622+2023-12-08-13h-18m-13s,1,305,357,583,2
IRIS+f94b8622+2023-12-12-17h-28m-56s,1,231,283,283,2
PennPAL+06b0ffa5+2023-04-29-21h-20m-58s,1,25,95,95,2
PennPAL+06b0ffa5+2023-04-29-21h-51m-55s,1,120,144,144,2
PennPAL+acda9df3+2023-06-18-20h-09m-33s,1,266,287,287,2
PennPAL+acda9df3+2023-06-20-17h-53m-45s,1,302,569,569,2
PennPAL+acda9df3+2023-06-20-18h-57m-27s,1,203,350,350,2
PennPAL+acda9df3+2023-06-23-20h-05m-13s,1,375,577,577,2
PennPAL+acda9df3+2023-06-29-19h-02m-43s,1,262,272,272,2
PennPAL+acda9df3+2023-06-29-20h-32m-25s,1,153,202,202,2
PennPAL+acda9df3+2023-06-29-20h-33m-25s,1,108,118,481,3
PennPAL+acda9df3+2023-06-29-20h-33m-25s,2,439,481,481,3
PennPAL+acda9df3+2023-06-29-20h-41m-32s,1,171,230,230,2
PennPAL+acda9df3+2023-06-29-20h-43m-02s,1,261,284,284,2
PennPAL+acda9df3+2023-06-29-20h-43m-52s,1,280,324,324,2
PennPAL+acda9df3+2023-07-07-20h-26m-38s,1,183,245,245,2
PennPAL+acda9df3+2023-07-07-20h-39m-36s,1,133,233,233,2
PennPAL+acda9df3+2023-07-07-21h-07m-37s,1,261,314,314,2
PennPAL+acda9df3+2023-07-07-21h-13m-41s,1,172,229,229,2
PennPAL+acda9df3+2023-07-07-21h-14m-11s,1,122,272,272,2
PennPAL+acda9df3+2023-07-07-21h-37m-09s,1,126,161,243,3
PennPAL+acda9df3+2023-07-07-21h-37m-09s,2,178,243,243,3
PennPAL+acda9df3+2023-07-10-21h-36m-23s,1,228,251,387,4
PennPAL+acda9df3+2023-07-10-21h-36m-23s,2,280,284,387,4
PennPAL+acda9df3+2023-07-10-21h-36m-23s,3,298,354,387,4
PennPAL+acda9df3+2023-07-10-21h-39m-35s,1,149,150,350,3
PennPAL+acda9df3+2023-07-10-21h-39m-35s,2,155,171,350,3
PennPAL+acda9df3+2023-07-14-16h-47m-43s,1,316,456,560,3
PennPAL+acda9df3+2023-07-14-16h-47m-43s,2,473,560,560,3
PennPAL+acda9df3+2023-07-14-16h-54m-33s,1,213,346,346,2
PennPAL+acda9df3+2023-07-15-23h-08m-02s,1,310,360,375,2
PennPAL+acda9df3+2023-07-19-17h-01m-23s,1,195,402,402,2
PennPAL+acda9df3+2023-08-16-17h-31m-09s,1,237,399,399,2
PennPAL+acda9df3+2023-08-16-17h-46m-35s,1,628,668,668,2
PennPAL+c5f808b7+2023-10-01-17h-10m-20s,1,105,114,195,3
PennPAL+c5f808b7+2023-10-01-17h-10m-20s,2,119,195,195,3
PennPAL+c5f808b7+2023-10-19-00h-58m-23s,1,289,365,365,2
PennPAL+c5f808b7+2023-10-29-20h-55m-16s,1,319,435,771,3
PennPAL+c5f808b7+2023-10-29-20h-55m-16s,2,485,556,771,3
PennPAL+c5f808b7+2023-10-30-18h-37m-06s,1,135,356,356,2
PennPAL+c5f808b7+2023-10-30-18h-54m-35s,1,138,142,288,4
PennPAL+c5f808b7+2023-10-30-18h-54m-35s,2,169,172,288,4
PennPAL+c5f808b7+2023-10-30-18h-54m-35s,3,197,288,288,4
PennPAL+c5f808b7+2023-10-30-19h-24m-27s,1,76,130,480,6
PennPAL+c5f808b7+2023-10-30-19h-24m-27s,2,151,202,480,6
PennPAL+c5f808b7+2023-10-30-19h-24m-27s,3,220,253,480,6
PennPAL+c5f808b7+2023-10-30-19h-24m-27s,4,278,371,480,6
PennPAL+c5f808b7+2023-10-30-19h-24m-27s,5,392,480,480,6
RAD+62828209+2023-12-22-15h-01m-20s,1,270,972,972,2
RAIL+80edfcb1+2023-04-12-14h-27m-18s,1,109,155,182,2
RAIL+80edfcb1+2023-04-12-14h-28m-45s,1,159,217,234,2
RAIL+80edfcb1+2023-04-12-16h-14m-56s,1,124,160,171,2
RAIL+80edfcb1+2023-04-12-16h-41m-22s,1,107,186,186,2
RAIL+80edfcb1+2023-04-17-14h-49m-59s,1,55,202,202,2
RAIL+ah6fcd56+2023-07-18-16h-48m-38s,1,167,251,254,2
RAIL+ah6fcd56+2023-07-18-16h-54m-43s,1,144,177,180,2
RAIL+c3d50939+2023-10-14-11h-28m-01s,1,142,160,792,3
RAIL+c3d50939+2023-10-14-11h-28m-01s,2,198,737,792,3
RAIL+c3d50939+2023-11-04-10h-45m-38s,1,347,376,1018,3
RAIL+c3d50939+2023-11-04-10h-45m-38s,2,402,1018,1018,3
RAIL+d027f2ae+2023-06-20-17h-59m-27s,1,134,170,182,2
RAIL+d027f2ae+2023-06-22-17h-00m-59s,1,76,101,104,2
RAIL+d027f2ae+2023-09-29-10h-58m-24s,1,98,127,127,2
RAIL+d027f2ae+2023-10-10-09h-59m-07s,1,105,152,152,2
RAIL+d027f2ae+2023-10-10-10h-17m-34s,1,103,151,151,2
RAIL+d027f2ae+2023-11-29-16h-55m-54s,1,95,113,115,2
RAIL+d027f2ae+2023-11-29-17h-06m-11s,1,104,124,126,2
RAIL+daf8a660+2023-08-31-14h-52m-34s,1,180,237,408,2
RAIL+daf8a660+2023-09-12-10h-38m-39s,1,128,201,201,2
RAIL+eh61f232+2023-10-26-17h-33m-59s,1,204,219,672,4
RAIL+eh61f232+2023-10-26-17h-33m-59s,2,238,254,672,4
RAIL+eh61f232+2023-10-26-17h-33m-59s,3,282,396,672,4
RAIL+t3d58310+2023-05-19-15h-23m-47s,1,95,121,121,2
RAIL+t3d58310+2023-05-20-14h-10m-35s,1,152,179,179,2
RAIL+t3d58310+2023-07-27-17h-28m-55s,1,72,380,380,2
RAIL+t3d58310+2023-07-28-18h-02m-42s,1,105,282,833,3
RAIL+t3d58310+2023-07-28-18h-02m-42s,2,294,833,833,3
RAIL+t3d58310+2023-07-28-18h-27m-22s,1,213,275,501,4
RAIL+t3d58310+2023-07-28-18h-27m-22s,2,281,283,501,4
RAIL+t3d58310+2023-07-28-18h-27m-22s,3,311,501,501,4
RAIL+t3d58310+2023-08-08-17h-00m-30s,1,273,297,684,3
RAIL+t3d58310+2023-08-08-17h-00m-30s,2,304,684,684,3
RAIL+t3d58310+2023-08-12-15h-02m-31s,1,756,771,1352,4
RAIL+t3d58310+2023-08-12-15h-02m-31s,2,775,824,1352,4
RAIL+t3d58310+2023-08-12-15h-02m-31s,3,832,1352,1352,4
RAIL+t3d58310+2023-08-12-16h-51m-15s,1,44,102,1464,9
RAIL+t3d58310+2023-08-12-16h-51m-15s,2,105,803,1464,9
RAIL+t3d58310+2023-08-12-16h-51m-15s,3,847,854,1464,9
RAIL+t3d58310+2023-08-12-16h-51m-15s,4,919,943,1464,9
RAIL+t3d58310+2023-08-12-16h-51m-15s,5,1132,1137,1464,9
RAIL+t3d58310+2023-08-12-16h-51m-15s,6,1302,1356,1464,9
RAIL+t3d58310+2023-08-12-16h-51m-15s,7,1384,1385,1464,9
RAIL+t3d58310+2023-08-12-16h-51m-15s,8,1411,1412,1464,9
REAL+4dbb5646+2023-04-14-16h-31m-52s,1,286,572,572,2
REAL+4dbb5646+2023-04-17-14h-56m-15s,1,104,627,627,2
REAL+4dbb5646+2023-05-19-16h-20m-27s,1,183,416,416,2
REAL+4dbb5646+2023-06-21-16h-02m-25s,1,192,209,209,2
REAL+4dbb5646+2023-06-21-16h-24m-22s,1,173,182,187,2
REAL+4f8ca688+2023-05-20-11h-45m-27s,1,109,115,284,3
REAL+4f8ca688+2023-05-20-11h-45m-27s,2,131,170,284,3
REAL+4f8ca688+2023-05-20-11h-50m-07s,1,156,270,525,5
REAL+4f8ca688+2023-05-20-11h-50m-07s,2,283,449,525,5
REAL+4f8ca688+2023-05-20-11h-50m-07s,3,461,492,525,5
REAL+4f8ca688+2023-05-20-11h-50m-07s,4,505,525,525,5
REAL+4f8ca688+2023-05-21-09h-09m-19s,1,81,92,392,4
REAL+4f8ca688+2023-05-21-09h-09m-19s,2,141,342,392,4
REAL+4f8ca688+2023-05-21-09h-09m-19s,3,374,392,392,4
REAL+4f8ca688+2023-06-08-14h-48m-03s,1,253,303,313,2
REAL+4f8ca688+2023-06-08-15h-00m-30s,1,352,402,402,2
REAL+4f8ca688+2023-07-04-12h-37m-04s,1,261,286,378,3
REAL+4f8ca688+2023-07-04-12h-37m-04s,2,317,376,378,3
REAL+4f8ca688+2023-07-11-12h-02m-44s,1,86,114,173,3
REAL+4f8ca688+2023-07-11-12h-02m-44s,2,138,163,173,3
REAL+4f8ca688+2023-07-11-12h-42m-31s,1,73,156,263,3
REAL+4f8ca688+2023-07-11-12h-42m-31s,2,161,263,263,3
REAL+4f8ca688+2023-07-15-11h-48m-33s,1,155,169,192,3
REAL+4f8ca688+2023-07-15-11h-48m-33s,2,184,192,192,3
REAL+4f8ca688+2023-07-15-12h-53m-35s,1,361,420,420,2
REAL+4f8ca688+2023-08-24-14h-23m-28s,1,481,487,510,2
REAL+4f8ca688+2023-08-24-14h-30m-43s,1,164,495,495,2
REAL+4f8ca688+2023-08-24-15h-08m-38s,1,117,240,240,2
REAL+4f8ca688+2023-08-24-15h-16m-22s,1,535,580,636,3
REAL+4f8ca688+2023-08-24-15h-16m-22s,2,591,636,636,3
REAL+4f8ca688+2023-08-24-15h-17m-16s,1,143,234,234,2
REAL+4f8ca688+2023-08-24-15h-35m-32s,1,207,209,653,4
REAL+4f8ca688+2023-08-24-15h-35m-32s,2,229,300,653,4
REAL+4f8ca688+2023-08-24-15h-35m-32s,3,333,653,653,4
REAL+4f8ca688+2023-08-29-13h-36m-08s,1,199,286,347,3
REAL+4f8ca688+2023-08-29-13h-36m-08s,2,292,334,347,3
REAL+4f8ca688+2023-08-31-13h-11m-04s,1,88,359,359,2
REAL+4f8ca688+2023-08-31-15h-33m-09s,1,113,236,236,2
REAL+4f8ca688+2023-09-07-13h-17m-30s,1,99,256,256,2
REAL+75b7b0f9+2023-06-23-15h-32m-29s,1,21,315,315,2
REAL+b04f2af4+2023-06-01-18h-56m-59s,1,120,258,258,2
REAL+b04f2af4+2023-07-15-13h-51m-44s,1,117,270,270,2
REAL+b04f2af4+2023-07-15-14h-06m-25s,1,95,140,140,2
REAL+b04f2af4+2023-09-10-14h-57m-19s,1,158,169,169,2
REAL+b04f2af4+2023-09-10-15h-37m-51s,1,101,163,163,2
REAL+b04f2af4+2023-09-10-15h-49m-25s,1,86,255,255,2
REAL+de601749+2023-05-19-11h-48m-18s,1,64,605,605,2
REAL+de601749+2023-05-19-12h-25m-44s,1,51,70,534,4
REAL+de601749+2023-05-19-12h-25m-44s,2,102,173,534,4
REAL+de601749+2023-05-19-12h-25m-44s,3,191,534,534,4
REAL+de601749+2023-05-20-14h-56m-27s,1,82,97,416,3
REAL+de601749+2023-05-20-14h-56m-27s,2,188,221,416,3
REAL+de601749+2023-05-28-15h-25m-00s,1,231,267,468,4
REAL+de601749+2023-05-28-15h-25m-00s,2,276,303,468,4
REAL+de601749+2023-05-28-15h-25m-00s,3,312,468,468,4
REAL+de601749+2023-05-28-15h-53m-23s,1,117,523,523,2
REAL+de601749+2023-06-09-13h-10m-29s,1,27,190,190,2
REAL+de601749+2023-06-10-14h-21m-10s,1,109,152,152,2
RPL+32cba90c+2023-12-04-18h-30m-04s,1,210,960,1139,3
RPL+32cba90c+2023-12-04-18h-30m-04s,2,1031,1139,1139,3
RPL+32cba90c+2023-12-04-18h-39m-19s,1,841,956,956,2
RPL+32cba90c+2023-12-05-16h-11m-10s,1,605,635,635,2
RPL+32cba90c+2023-12-07-17h-57m-19s,1,1024,1112,1112,2
RPL+32cba90c+2023-12-07-19h-39m-15s,1,224,1174,1174,2
RPL+32cba90c+2023-12-07-21h-01m-43s,1,364,1325,1325,2
RPL+32cba90c+2023-12-07-21h-04m-28s,1,1069,1311,1337,2
RPL+32cba90c+2023-12-07-21h-12m-39s,1,600,653,1034,3
RPL+32cba90c+2023-12-07-21h-12m-39s,2,736,1034,1034,3
RPL+32cba90c+2023-12-08-14h-24m-11s,1,1033,1228,1324,3
RPL+32cba90c+2023-12-08-14h-24m-11s,2,1251,1324,1324,3
RPL+32cba90c+2023-12-08-15h-46m-28s,1,1079,1388,1388,2
RPL+32cba90c+2023-12-09-14h-23m-47s,1,280,313,323,2
RPL+cb4f6842+2023-05-23-13h-19m-11s,1,165,217,281,2
RPL+cb4f6842+2023-05-23-14h-42m-38s,1,164,174,174,2
RPL+cb4f6842+2023-06-04-13h-06m-26s,1,171,232,270,3
RPL+cb4f6842+2023-06-04-13h-06m-26s,2,248,270,270,3
RPL+cb4f6842+2023-06-04-13h-09m-24s,1,185,238,304,3
RPL+cb4f6842+2023-06-04-13h-09m-24s,2,249,304,304,3
RPL+cb4f6842+2023-06-04-14h-55m-07s,1,171,208,303,3
RPL+cb4f6842+2023-06-04-14h-55m-07s,2,226,303,303,3
RPL+cb4f6842+2023-06-04-14h-58m-22s,1,204,238,293,3
RPL+cb4f6842+2023-06-04-14h-58m-22s,2,262,293,293,3
RPL+cb4f6842+2023-06-05-16h-59m-05s,1,188,248,283,3
RPL+cb4f6842+2023-06-05-16h-59m-05s,2,260,283,283,3
RPL+cb4f6842+2023-06-05-17h-09m-38s,1,189,225,259,3
RPL+cb4f6842+2023-06-05-17h-09m-38s,2,236,259,259,3
RPL+cb4f6842+2023-06-05-17h-23m-13s,1,198,282,282,2
TRI+22cb038f+2023-09-21-09h-29m-20s,1,158,195,195,2
TRI+22cb038f+2023-09-21-09h-32m-19s,1,167,198,198,2
TRI+22cb038f+2023-09-21-11h-26m-43s,1,157,172,208,3
TRI+22cb038f+2023-09-21-11h-26m-43s,2,198,208,208,3
TRI+22cb038f+2023-09-21-15h-08m-12s,1,118,175,175,2
TRI+22cb038f+2023-09-21-17h-46m-50s,1,108,157,168,2
TRI+22cb038f+2023-09-25-09h-28m-12s,1,102,161,161,2
TRI+30510ef3+2023-10-12-12h-13m-20s,1,265,538,791,3
TRI+30510ef3+2023-10-12-12h-13m-20s,2,550,791,791,3
TRI+30510ef3+2023-10-12-12h-18m-22s,1,361,605,873,3
TRI+30510ef3+2023-10-12-12h-18m-22s,2,702,873,873,3
TRI+30510ef3+2023-10-12-16h-41m-09s,1,127,425,425,2
TRI+4b1a56cc+2023-09-05-16h-47m-08s,1,534,570,570,2
TRI+52ca9b6a+2023-10-17-13h-51m-19s,1,133,154,564,5
TRI+52ca9b6a+2023-10-17-13h-51m-19s,2,166,203,564,5
TRI+52ca9b6a+2023-10-17-13h-51m-19s,3,285,320,564,5
TRI+52ca9b6a+2023-10-17-13h-51m-19s,4,467,496,564,5
TRI+52ca9b6a+2023-10-17-13h-59m-42s,1,72,111,466,4
TRI+52ca9b6a+2023-10-17-13h-59m-42s,2,213,348,466,4
TRI+52ca9b6a+2023-10-17-13h-59m-42s,3,364,466,466,4
TRI+52ca9b6a+2023-10-17-15h-49m-35s,1,255,435,435,2
TRI+52ca9b6a+2023-10-17-16h-18m-16s,1,308,334,650,5
TRI+52ca9b6a+2023-10-17-16h-18m-16s,2,375,395,650,5
TRI+52ca9b6a+2023-10-17-16h-18m-16s,3,443,471,650,5
TRI+52ca9b6a+2023-10-17-16h-18m-16s,4,500,533,650,5
TRI+52ca9b6a+2023-10-17-16h-27m-22s,1,343,364,728,3
TRI+52ca9b6a+2023-10-17-16h-27m-22s,2,374,728,728,3
TRI+52ca9b6a+2023-10-17-17h-44m-18s,1,65,196,233,2
TRI+52ca9b6a+2023-10-18-13h-21m-51s,1,115,120,136,2
TRI+52ca9b6a+2023-10-18-15h-51m-07s,1,289,346,346,2
TRI+52ca9b6a+2023-10-18-16h-04m-05s,1,470,492,689,2
TRI+52ca9b6a+2023-10-18-16h-11m-27s,1,425,427,427,2
TRI+52ca9b6a+2023-10-18-16h-31m-36s,1,53,55,261,2
TRI+52ca9b6a+2023-10-18-17h-05m-59s,1,208,228,228,2
TRI+52ca9b6a+2023-10-19-11h-26m-21s,1,458,494,494,2
TRI+52ca9b6a+2023-10-19-14h-36m-58s,1,47,57,239,4
TRI+52ca9b6a+2023-10-19-14h-36m-58s,2,62,129,239,4
TRI+52ca9b6a+2023-10-19-14h-36m-58s,3,139,239,239,4
TRI+52ca9b6a+2023-10-19-16h-41m-05s,1,107,169,169,2
TRI+52ca9b6a+2023-10-23-10h-22m-20s,1,161,293,423,4
TRI+52ca9b6a+2023-10-23-10h-22m-20s,2,326,358,423,4
TRI+52ca9b6a+2023-10-23-10h-22m-20s,3,374,423,423,4
TRI+52ca9b6a+2023-10-23-10h-57m-52s,1,445,454,454,2
TRI+52ca9b6a+2023-10-23-10h-58m-32s,1,231,399,399,2
TRI+52ca9b6a+2023-10-23-11h-08m-52s,1,253,291,405,4
TRI+52ca9b6a+2023-10-23-11h-08m-52s,2,304,384,405,4
TRI+52ca9b6a+2023-10-23-11h-08m-52s,3,396,405,405,4
TRI+52ca9b6a+2023-10-23-13h-19m-23s,1,69,345,345,2
TRI+52ca9b6a+2023-10-23-13h-45m-05s,1,122,131,289,3
TRI+52ca9b6a+2023-10-23-13h-45m-05s,2,159,289,289,3
TRI+52ca9b6a+2023-10-23-14h-02m-23s,1,186,209,209,2
TRI+52ca9b6a+2023-10-23-14h-07m-03s,1,191,308,457,3
TRI+52ca9b6a+2023-10-23-14h-07m-03s,2,431,457,457,3
TRI+52ca9b6a+2023-10-23-14h-53m-39s,1,44,496,496,2
TRI+52ca9b6a+2023-10-23-15h-12m-45s,1,334,462,462,2
TRI+52ca9b6a+2023-10-23-17h-44m-41s,1,182,255,314,3
TRI+52ca9b6a+2023-10-23-17h-44m-41s,2,286,314,314,3
TRI+52ca9b6a+2023-10-23-17h-49m-56s,1,66,72,337,5
TRI+52ca9b6a+2023-10-23-17h-49m-56s,2,101,240,337,5
TRI+52ca9b6a+2023-10-23-17h-49m-56s,3,247,307,337,5
TRI+52ca9b6a+2023-10-23-17h-49m-56s,4,323,337,337,5
TRI+52ca9b6a+2023-10-23-17h-50m-54s,1,147,165,463,3
TRI+52ca9b6a+2023-10-23-17h-50m-54s,2,188,278,463,3
TRI+52ca9b6a+2023-10-23-17h-51m-35s,1,80,499,499,2
TRI+52ca9b6a+2023-10-23-17h-53m-32s,1,97,189,189,2
TRI+52ca9b6a+2023-10-23-17h-55m-18s,1,148,262,262,2
TRI+52ca9b6a+2023-10-23-18h-22m-32s,1,412,512,851,6
TRI+52ca9b6a+2023-10-23-18h-22m-32s,2,540,550,851,6
TRI+52ca9b6a+2023-10-23-18h-22m-32s,3,559,569,851,6
TRI+52ca9b6a+2023-10-23-18h-22m-32s,4,573,595,851,6
TRI+52ca9b6a+2023-10-23-18h-22m-32s,5,612,691,851,6
TRI+52ca9b6a+2023-10-24-10h-41m-28s,1,139,140,246,3
TRI+52ca9b6a+2023-10-24-10h-41m-28s,2,174,246,246,3
TRI+52ca9b6a+2023-10-24-11h-30m-35s,1,156,227,227,2
TRI+52ca9b6a+2023-10-24-15h-19m-14s,1,109,127,222,2
TRI+52ca9b6a+2023-10-24-15h-32m-30s,1,468,677,677,2
TRI+52ca9b6a+2023-10-24-17h-04m-58s,1,153,179,188,2
TRI+52ca9b6a+2023-10-24-17h-06m-18s,1,310,402,418,2
TRI+52ca9b6a+2023-10-24-17h-41m-13s,1,157,692,756,3
TRI+52ca9b6a+2023-10-24-17h-41m-13s,2,736,756,756,3
TRI+52ca9b6a+2023-10-24-17h-55m-34s,1,37,359,359,2
TRI+52ca9b6a+2023-10-25-10h-08m-44s,1,482,695,782,3
TRI+52ca9b6a+2023-10-25-10h-08m-44s,2,751,782,782,3
TRI+52ca9b6a+2023-10-25-11h-44m-47s,1,693,787,787,2
TRI+52ca9b6a+2023-10-25-15h-34m-57s,1,45,321,321,2
TRI+52ca9b6a+2023-10-25-16h-18m-01s,1,144,165,184,2
TRI+52ca9b6a+2023-10-25-17h-12m-00s,1,34,189,195,2
TRI+52ca9b6a+2023-10-25-17h-31m-42s,1,44,61,615,4
TRI+52ca9b6a+2023-10-25-17h-31m-42s,2,95,272,615,4
TRI+52ca9b6a+2023-10-25-17h-31m-42s,3,278,615,615,4
TRI+52ca9b6a+2023-10-25-17h-34m-08s,1,111,129,297,4
TRI+52ca9b6a+2023-10-25-17h-34m-08s,2,134,203,297,4
TRI+52ca9b6a+2023-10-25-17h-34m-08s,3,242,287,297,4
TRI+52ca9b6a+2023-10-25-17h-38m-17s,1,177,273,311,2
TRI+52ca9b6a+2023-10-26-11h-58m-58s,1,148,280,280,2
TRI+52ca9b6a+2023-10-26-13h-45m-54s,1,531,583,584,2
TRI+52ca9b6a+2023-10-26-13h-58m-12s,1,178,213,225,2
TRI+52ca9b6a+2023-10-26-14h-20m-08s,1,123,295,295,2
TRI+52ca9b6a+2023-10-26-14h-30m-07s,1,186,383,427,3
TRI+52ca9b6a+2023-10-26-14h-30m-07s,2,389,427,427,3
TRI+52ca9b6a+2023-10-26-15h-31m-47s,1,151,268,268,2
TRI+52ca9b6a+2023-10-31-13h-53m-49s,1,278,694,694,2
TRI+52ca9b6a+2023-10-31-15h-21m-40s,1,62,407,407,2
TRI+52ca9b6a+2023-10-31-16h-41m-26s,1,489,530,534,2
TRI+52ca9b6a+2023-10-31-16h-58m-48s,1,112,347,347,2
TRI+52ca9b6a+2023-11-01-10h-33m-43s,1,235,245,250,2
TRI+52ca9b6a+2023-11-01-11h-04m-08s,1,242,283,283,2
TRI+52ca9b6a+2023-11-01-11h-27m-49s,1,355,416,416,2
TRI+52ca9b6a+2023-11-01-14h-14m-21s,1,137,157,157,2
TRI+52ca9b6a+2023-11-01-14h-17m-05s,1,43,68,192,3
TRI+52ca9b6a+2023-11-01-14h-17m-05s,2,78,192,192,3
TRI+52ca9b6a+2023-11-01-15h-57m-06s,1,557,570,570,2
TRI+52ca9b6a+2023-11-01-16h-53m-17s,1,194,218,220,2
TRI+52ca9b6a+2023-11-02-10h-16m-13s,1,172,187,187,2
TRI+52ca9b6a+2023-11-02-11h-04m-38s,1,244,284,284,2
TRI+52ca9b6a+2023-11-02-11h-59m-39s,1,316,663,663,2
TRI+52ca9b6a+2023-11-02-12h-08m-16s,1,128,164,292,3
TRI+52ca9b6a+2023-11-02-12h-08m-16s,2,230,292,292,3
TRI+52ca9b6a+2023-11-02-13h-43m-23s,1,165,171,379,5
TRI+52ca9b6a+2023-11-02-13h-43m-23s,2,193,240,379,5
TRI+52ca9b6a+2023-11-02-13h-43m-23s,3,254,312,379,5
TRI+52ca9b6a+2023-11-02-13h-43m-23s,4,358,379,379,5
TRI+52ca9b6a+2023-11-02-14h-39m-17s,1,102,355,355,2
TRI+52ca9b6a+2023-11-02-15h-09m-47s,1,654,665,665,2
TRI+52ca9b6a+2023-11-02-15h-18m-04s,1,69,80,278,6
TRI+52ca9b6a+2023-11-02-15h-18m-04s,2,104,108,278,6
TRI+52ca9b6a+2023-11-02-15h-18m-04s,3,141,173,278,6
TRI+52ca9b6a+2023-11-02-15h-18m-04s,4,179,183,278,6
TRI+52ca9b6a+2023-11-02-15h-18m-04s,5,247,278,278,6
TRI+52ca9b6a+2023-11-02-15h-41m-57s,1,111,249,292,3
TRI+52ca9b6a+2023-11-02-15h-41m-57s,2,255,292,292,3
TRI+52ca9b6a+2023-11-02-15h-42m-30s,1,155,169,169,2
TRI+52ca9b6a+2023-11-02-15h-45m-25s,1,216,232,232,2
TRI+52ca9b6a+2023-11-02-15h-49m-00s,1,121,179,292,3
TRI+52ca9b6a+2023-11-02-15h-49m-00s,2,200,204,292,3
TRI+52ca9b6a+2023-11-02-16h-18m-56s,1,190,198,416,3
TRI+52ca9b6a+2023-11-02-16h-18m-56s,2,206,242,416,3
TRI+52ca9b6a+2023-11-02-16h-37m-25s,1,83,89,398,3
TRI+52ca9b6a+2023-11-02-16h-37m-25s,2,189,398,398,3
TRI+52ca9b6a+2023-11-02-17h-32m-00s,1,212,327,597,5
TRI+52ca9b6a+2023-11-02-17h-32m-00s,2,361,459,597,5
TRI+52ca9b6a+2023-11-02-17h-32m-00s,3,547,576,597,5
TRI+52ca9b6a+2023-11-02-17h-32m-00s,4,594,597,597,5
TRI+52ca9b6a+2023-11-02-17h-33m-25s,1,151,170,251,3
TRI+52ca9b6a+2023-11-02-17h-33m-25s,2,197,251,251,3
TRI+52ca9b6a+2023-11-06-10h-24m-15s,1,167,374,374,2
TRI+52ca9b6a+2023-11-06-13h-58m-12s,1,79,96,229,5
TRI+52ca9b6a+2023-11-06-13h-58m-12s,2,100,141,229,5
TRI+52ca9b6a+2023-11-06-13h-58m-12s,3,146,193,229,5
TRI+52ca9b6a+2023-11-06-13h-58m-12s,4,197,200,229,5
TRI+52ca9b6a+2023-11-06-15h-45m-19s,1,68,480,494,2
TRI+52ca9b6a+2023-11-06-16h-21m-31s,1,148,387,387,2
TRI+52ca9b6a+2023-11-07-14h-40m-05s,1,284,477,477,2
TRI+52ca9b6a+2023-11-07-14h-42m-14s,1,264,284,284,2
TRI+52ca9b6a+2023-11-07-14h-57m-27s,1,148,214,349,3
TRI+52ca9b6a+2023-11-07-14h-57m-27s,2,285,349,349,3
TRI+52ca9b6a+2023-11-07-16h-53m-41s,1,322,388,388,2
TRI+52ca9b6a+2023-11-07-17h-02m-11s,1,132,210,210,2
TRI+52ca9b6a+2023-11-07-17h-13m-33s,1,58,107,217,3
TRI+52ca9b6a+2023-11-07-17h-13m-33s,2,145,217,217,3
TRI+52ca9b6a+2023-11-07-17h-37m-02s,1,222,231,231,2
TRI+52ca9b6a+2023-11-08-11h-06m-07s,1,198,201,329,3
TRI+52ca9b6a+2023-11-08-11h-06m-07s,2,206,329,329,3
TRI+52ca9b6a+2023-11-08-14h-21m-27s,1,419,444,508,3
TRI+52ca9b6a+2023-11-08-14h-21m-27s,2,466,496,508,3
TRI+52ca9b6a+2023-11-08-15h-14m-44s,1,96,210,210,2
TRI+52ca9b6a+2023-11-08-15h-20m-46s,1,231,283,283,2
TRI+52ca9b6a+2023-11-08-16h-54m-30s,1,105,160,160,2
TRI+52ca9b6a+2023-11-08-17h-06m-58s,1,203,315,315,2
TRI+52ca9b6a+2023-11-08-17h-18m-37s,1,136,200,200,2
TRI+52ca9b6a+2023-11-08-17h-20m-14s,1,112,137,283,3
TRI+52ca9b6a+2023-11-08-17h-20m-14s,2,265,283,283,3
TRI+52ca9b6a+2023-11-08-17h-37m-38s,1,192,202,202,2
TRI+52ca9b6a+2023-11-09-11h-45m-11s,1,206,216,216,2
TRI+52ca9b6a+2023-11-09-14h-19m-47s,1,604,643,663,3
TRI+52ca9b6a+2023-11-09-14h-19m-47s,2,660,663,663,3
TRI+52ca9b6a+2023-11-09-14h-22m-38s,1,594,680,680,2
TRI+52ca9b6a+2023-11-09-15h-55m-03s,1,137,163,323,3
TRI+52ca9b6a+2023-11-09-15h-55m-03s,2,220,323,323,3
TRI+52ca9b6a+2023-11-13-14h-00m-07s,1,288,336,336,2
TRI+52ca9b6a+2023-11-13-14h-07m-17s,1,164,174,235,3
TRI+52ca9b6a+2023-11-13-14h-07m-17s,2,185,235,235,3
TRI+52ca9b6a+2023-11-13-14h-52m-10s,1,160,167,196,2
TRI+52ca9b6a+2023-11-13-16h-02m-20s,1,251,258,476,2
TRI+52ca9b6a+2023-11-13-16h-03m-53s,1,70,74,190,2
TRI+52ca9b6a+2023-11-13-16h-04m-30s,1,487,496,510,2
TRI+52ca9b6a+2023-11-13-17h-11m-23s,1,176,215,216,2
TRI+52ca9b6a+2023-11-14-12h-01m-00s,1,150,187,187,2
TRI+52ca9b6a+2023-11-14-13h-28m-07s,1,150,218,218,2
TRI+52ca9b6a+2023-11-15-10h-57m-40s,1,250,278,402,3
TRI+52ca9b6a+2023-11-15-10h-57m-40s,2,333,402,402,3
TRI+52ca9b6a+2023-11-15-11h-56m-18s,1,58,197,199,2
TRI+52ca9b6a+2023-11-15-14h-46m-07s,1,93,119,119,2
TRI+52ca9b6a+2023-11-15-17h-07m-58s,1,140,313,364,3
TRI+52ca9b6a+2023-11-15-17h-07m-58s,2,359,364,364,3
TRI+52ca9b6a+2023-11-20-13h-49m-19s,1,156,318,524,3
TRI+52ca9b6a+2023-11-20-13h-49m-19s,2,366,524,524,3
TRI+52ca9b6a+2023-11-27-13h-23m-58s,1,171,275,275,2
TRI+52ca9b6a+2023-11-27-14h-19m-34s,1,120,144,288,3
TRI+52ca9b6a+2023-11-27-14h-19m-34s,2,149,151,288,3
TRI+52ca9b6a+2023-11-27-14h-21m-07s,1,93,109,311,3
TRI+52ca9b6a+2023-11-27-14h-21m-07s,2,132,161,311,3
TRI+52ca9b6a+2023-11-27-15h-01m-50s,1,48,51,474,7
TRI+52ca9b6a+2023-11-27-15h-01m-50s,2,85,128,474,7
TRI+52ca9b6a+2023-11-27-15h-01m-50s,3,137,227,474,7
TRI+52ca9b6a+2023-11-27-15h-01m-50s,4,235,284,474,7
TRI+52ca9b6a+2023-11-27-15h-01m-50s,5,288,292,474,7
TRI+52ca9b6a+2023-11-27-15h-01m-50s,6,307,474,474,7
TRI+52ca9b6a+2023-11-27-15h-24m-48s,1,62,188,270,2
TRI+52ca9b6a+2023-11-27-15h-45m-37s,1,83,93,306,5
TRI+52ca9b6a+2023-11-27-15h-45m-37s,2,100,111,306,5
TRI+52ca9b6a+2023-11-27-15h-45m-37s,3,124,159,306,5
TRI+52ca9b6a+2023-11-27-15h-45m-37s,4,203,306,306,5
TRI+52ca9b6a+2023-11-27-16h-28m-10s,1,161,236,236,2
TRI+52ca9b6a+2023-11-29-14h-25m-05s,1,129,158,158,2
TRI+52ca9b6a+2023-11-29-14h-26m-25s,1,144,167,350,4
TRI+52ca9b6a+2023-11-29-14h-26m-25s,2,227,274,350,4
TRI+52ca9b6a+2023-11-29-14h-26m-25s,3,308,350,350,4
TRI+52ca9b6a+2023-11-29-14h-46m-55s,1,288,328,484,4
TRI+52ca9b6a+2023-11-29-14h-46m-55s,2,359,412,484,4
TRI+52ca9b6a+2023-11-29-14h-46m-55s,3,428,484,484,4
TRI+52ca9b6a+2023-11-29-15h-05m-33s,1,221,239,241,2
TRI+52ca9b6a+2023-11-29-16h-54m-37s,1,523,554,554,2
TRI+52ca9b6a+2023-11-29-16h-55m-40s,1,151,171,189,2
TRI+52ca9b6a+2023-11-30-17h-09m-24s,1,55,128,137,2
TRI+52ca9b6a+2023-12-04-17h-10m-11s,1,306,438,485,2
TRI+52ca9b6a+2023-12-04-17h-56m-11s,1,186,223,230,3
TRI+52ca9b6a+2023-12-04-17h-56m-11s,2,226,230,230,3
TRI+52ca9b6a+2023-12-05-17h-34m-55s,1,67,398,398,2
TRI+52ca9b6a+2023-12-06-14h-30m-47s,1,299,316,339,3
TRI+52ca9b6a+2023-12-06-14h-30m-47s,2,324,339,339,3
TRI+52ca9b6a+2023-12-06-14h-36m-11s,1,224,254,254,2
TRI+52ca9b6a+2023-12-06-15h-48m-45s,1,144,151,477,6
TRI+52ca9b6a+2023-12-06-15h-48m-45s,2,195,202,477,6
TRI+52ca9b6a+2023-12-06-15h-48m-45s,3,214,222,477,6
TRI+52ca9b6a+2023-12-06-15h-48m-45s,4,409,422,477,6
TRI+52ca9b6a+2023-12-06-15h-48m-45s,5,440,450,477,6
TRI+52ca9b6a+2023-12-06-16h-23m-38s,1,79,187,187,2
TRI+52ca9b6a+2023-12-06-16h-34m-40s,1,21,159,159,2
TRI+52ca9b6a+2023-12-06-16h-35m-01s,1,480,492,568,3
TRI+52ca9b6a+2023-12-06-16h-35m-01s,2,504,568,568,3
TRI+52ca9b6a+2023-12-07-17h-23m-18s,1,261,272,272,2
TRI+52ca9b6a+2023-12-11-10h-58m-41s,1,426,598,612,2
TRI+52ca9b6a+2023-12-12-11h-01m-36s,1,44,606,606,2
TRI+52ca9b6a+2023-12-12-11h-27m-24s,1,166,381,477,2
TRI+52ca9b6a+2023-12-12-13h-48m-19s,1,150,231,235,2
TRI+52ca9b6a+2023-12-13-13h-58m-47s,1,396,617,617,2
TRI+52ca9b6a+2024-01-02-11h-29m-36s,1,220,350,350,2
TRI+52ca9b6a+2024-01-04-15h-15m-18s,1,80,85,244,3
TRI+52ca9b6a+2024-01-04-15h-15m-18s,2,123,244,244,3
TRI+52ca9b6a+2024-01-04-15h-40m-24s,1,43,231,238,2
TRI+52ca9b6a+2024-01-04-16h-52m-59s,1,71,151,240,4
TRI+52ca9b6a+2024-01-04-16h-52m-59s,2,167,184,240,4
TRI+52ca9b6a+2024-01-04-16h-52m-59s,3,190,228,240,4
TRI+52ca9b6a+2024-01-08-13h-59m-08s,1,103,178,178,2
TRI+52ca9b6a+2024-01-09-11h-00m-46s,1,76,130,170,2
TRI+52ca9b6a+2024-01-10-13h-56m-03s,1,164,189,189,2
TRI+52ca9b6a+2024-01-10-14h-20m-07s,1,41,113,176,3
TRI+52ca9b6a+2024-01-10-14h-20m-07s,2,118,176,176,3
TRI+52ca9b6a+2024-01-16-15h-59m-36s,1,331,512,512,2
TRI+52ca9b6a+2024-01-17-10h-37m-14s,1,268,307,309,2
TRI+52ca9b6a+2024-01-17-11h-38m-07s,1,37,301,301,2
TRI+52ca9b6a+2024-01-17-14h-17m-02s,1,32,108,250,3
TRI+52ca9b6a+2024-01-17-14h-17m-02s,2,134,250,250,3
TRI+52ca9b6a+2024-01-17-16h-02m-04s,1,93,197,298,4
TRI+52ca9b6a+2024-01-17-16h-02m-04s,2,205,215,298,4
TRI+52ca9b6a+2024-01-17-16h-02m-04s,3,242,290,298,4
TRI+52ca9b6a+2024-01-22-14h-05m-58s,1,100,140,273,3
TRI+52ca9b6a+2024-01-22-14h-05m-58s,2,178,273,273,3
TRI+52ca9b6a+2024-01-22-17h-15m-52s,1,118,254,254,2
TRI+52ca9b6a+2024-01-23-10h-39m-36s,1,176,224,224,2
TRI+52ca9b6a+2024-01-23-10h-40m-00s,1,209,374,379,2
TRI+52ca9b6a+2024-01-23-10h-56m-22s,1,125,222,291,3
TRI+52ca9b6a+2024-01-23-10h-56m-22s,2,274,291,291,3
TRI+52ca9b6a+2024-01-23-11h-03m-50s,1,111,273,293,2
TRI+52ca9b6a+2024-01-23-11h-16m-17s,1,34,224,224,2
TRI+52ca9b6a+2024-01-24-12h-47m-30s,1,46,76,866,6
TRI+52ca9b6a+2024-01-24-12h-47m-30s,2,137,297,866,6
TRI+52ca9b6a+2024-01-24-12h-47m-30s,3,342,363,866,6
TRI+52ca9b6a+2024-01-24-12h-47m-30s,4,390,469,866,6
TRI+52ca9b6a+2024-01-24-12h-47m-30s,5,807,843,866,6
TRI+52ca9b6a+2024-01-24-12h-50m-26s,1,212,240,249,2
TRI+52ca9b6a+2024-01-24-14h-37m-55s,1,164,190,190,2
TRI+52ca9b6a+2024-01-24-14h-54m-11s,1,149,211,211,2
TRI+52ca9b6a+2024-01-25-10h-40m-10s,1,87,111,261,3
TRI+52ca9b6a+2024-01-25-10h-40m-10s,2,134,261,261,3
TRI+52ca9b6a+2024-01-25-14h-50m-29s,1,33,134,266,2
TRI+52ca9b6a+2024-01-25-15h-18m-14s,1,52,123,235,2
TRI+52ca9b6a+2024-01-25-16h-01m-49s,1,212,226,226,2
TRI+52ca9b6a+2024-01-25-16h-18m-43s,1,304,318,318,2
TRI+52ca9b6a+2024-01-25-16h-20m-36s,1,93,259,259,2
TRI+52ca9b6a+2024-01-25-16h-41m-41s,1,157,227,227,2
TRI+52ca9b6a+2024-01-25-16h-45m-03s,1,227,247,247,2
TRI+52ca9b6a+2024-01-25-16h-54m-03s,1,151,169,173,2
TRI+52ca9b6a+2024-01-25-17h-16m-01s,1,139,163,165,2
TRI+52ca9b6a+2024-01-29-15h-30m-18s,1,197,309,309,2
TRI+52ca9b6a+2024-01-29-16h-25m-08s,1,116,225,467,3
TRI+52ca9b6a+2024-01-29-16h-25m-08s,2,237,467,467,3
TRI+52ca9b6a+2024-01-30-14h-38m-18s,1,113,130,130,2
TRI+52ca9b6a+2024-01-30-15h-03m-07s,1,91,143,143,2
TRI+52ca9b6a+2024-01-30-15h-22m-59s,1,92,330,330,2
TRI+52ca9b6a+2024-01-30-16h-43m-53s,1,120,134,244,4
TRI+52ca9b6a+2024-01-30-16h-43m-53s,2,171,209,244,4
TRI+52ca9b6a+2024-01-30-16h-43m-53s,3,234,244,244,4
TRI+52ca9b6a+2024-01-31-11h-39m-21s,1,159,187,187,2
TRI+52ca9b6a+2024-01-31-15h-51m-47s,1,242,250,250,2
TRI+52ca9b6a+2024-01-31-16h-07m-13s,1,104,192,351,2
TRI+52ca9b6a+2024-01-31-16h-34m-18s,1,186,321,321,2
TRI+52ca9b6a+2024-01-31-16h-35m-37s,1,307,478,490,2
TRI+52ca9b6a+2024-01-31-16h-37m-44s,1,231,234,234,2
TRI+52ca9b6a+2024-02-01-14h-22m-51s,1,65,102,203,3
TRI+52ca9b6a+2024-02-01-14h-22m-51s,2,106,203,203,3
TRI+52ca9b6a+2024-02-01-14h-27m-00s,1,150,327,333,2
TRI+52ca9b6a+2024-02-01-15h-33m-30s,1,177,182,182,2
TRI+52ca9b6a+2024-02-01-15h-43m-27s,1,213,220,396,6
TRI+52ca9b6a+2024-02-01-15h-43m-27s,2,240,249,396,6
TRI+52ca9b6a+2024-02-01-15h-43m-27s,3,274,285,396,6
TRI+52ca9b6a+2024-02-01-15h-43m-27s,4,339,359,396,6
TRI+52ca9b6a+2024-02-01-15h-43m-27s,5,365,376,396,6
TRI+52ca9b6a+2024-02-05-13h-31m-19s,1,126,172,172,2
TRI+52ca9b6a+2024-02-05-13h-44m-47s,1,32,163,163,2
TRI+52ca9b6a+2024-02-06-13h-45m-13s,1,187,294,294,2
TRI+52ca9b6a+2024-02-06-15h-12m-51s,1,136,276,276,2
TRI+52ca9b6a+2024-02-06-15h-20m-34s,1,115,192,192,2
TRI+52ca9b6a+2024-02-07-10h-55m-26s,1,186,460,477,2
TRI+52ca9b6a+2024-02-07-15h-36m-24s,1,354,380,380,2
TRI+52ca9b6a+2024-02-08-14h-15m-10s,1,157,198,198,2
TRI+52ca9b6a+2024-02-08-15h-39m-31s,1,48,155,275,2
TRI+52ca9b6a+2024-02-08-16h-07m-51s,1,157,187,200,2
TRI+52ca9b6a+2024-02-08-16h-53m-13s,1,120,175,175,2
TRI+52ca9b6a+2024-02-12-14h-06m-08s,1,100,160,227,3
TRI+52ca9b6a+2024-02-12-14h-06m-08s,2,182,208,227,3
TRI+52ca9b6a+2024-02-13-10h-49m-15s,1,107,188,188,2
TRI+938130c4+2023-08-09-09h-13m-08s,1,98,159,159,2
TRI+938130c4+2023-08-09-17h-30m-35s,1,102,116,116,2
TRI+938130c4+2023-08-22-16h-15m-47s,1,147,356,356,2
TRI+a23987ac+2023-10-12-11h-17m-45s,1,406,494,494,2
TRI+a8754edb+2023-10-12-10h-29m-09s,1,405,426,426,2
TRI+a8754edb+2023-10-12-18h-22m-19s,1,67,610,610,2
WEIRD+30c3da59+2023-12-01-17h-19m-25s,1,148,161,765,6
WEIRD+30c3da59+2023-12-01-17h-19m-25s,2,216,229,765,6
WEIRD+30c3da59+2023-12-01-17h-19m-25s,3,290,673,765,6
WEIRD+30c3da59+2023-12-01-17h-19m-25s,4,688,689,765,6
WEIRD+30c3da59+2023-12-01-17h-19m-25s,5,742,765,765,6
WEIRD+30c3da59+2023-12-06-17h-29m-17s,1,118,124,331,5
WEIRD+30c3da59+2023-12-06-17h-29m-17s,2,131,161,331,5
WEIRD+30c3da59+2023-12-06-17h-29m-17s,3,282,289,331,5
WEIRD+30c3da59+2023-12-06-17h-29m-17s,4,326,331,331,5
WEIRD+30c3da59+2023-12-06-17h-29m-54s,1,141,288,475,3
WEIRD+30c3da59+2023-12-06-17h-29m-54s,2,313,475,475,3
WEIRD+417ecf07+2023-11-21-20h-52m-51s,1,203,228,244,2
WEIRD+5a211037+2023-11-22-17h-29m-29s,1,676,687,687,2
WEIRD+9338a0f6+2023-12-04-21h-58m-01s,1,402,410,1076,3
WEIRD+9338a0f6+2023-12-04-21h-58m-01s,2,713,715,1076,3
WEIRD+b0440f67+2024-01-11-20h-24m-09s,1,540,603,603,2
WEIRD+bccfde6e+2023-12-11-21h-49m-27s,1,153,328,328,2
WEIRD+bcd0b679+2023-11-21-21h-19m-34s,1,754,778,1358,5
WEIRD+bcd0b679+2023-11-21-21h-19m-34s,2,812,1109,1358,5
WEIRD+bcd0b679+2023-11-21-21h-19m-34s,3,1128,1129,1358,5
WEIRD+bcd0b679+2023-11-21-21h-19m-34s,4,1165,1288,1358,5
WEIRD+d5edb57c+2023-11-22-22h-21m-10s,1,247,615,1336,3
WEIRD+d5edb57c+2023-11-22-22h-21m-10s,2,686,1201,1336,3
WEIRD+d5edb57c+2023-11-22-22h-41m-07s,1,186,192,412,6
WEIRD+d5edb57c+2023-11-22-22h-41m-07s,2,216,235,412,6
WEIRD+d5edb57c+2023-11-22-22h-41m-07s,3,254,267,412,6
WEIRD+d5edb57c+2023-11-22-22h-41m-07s,4,287,324,412,6
WEIRD+d5edb57c+2023-11-22-22h-41m-07s,5,327,380,412,6
WEIRD+d5edb57c+2023-12-01-16h-12m-37s,1,743,803,803,2
WEIRD+e604eeed+2023-12-01-16h-52m-08s,1,112,121,524,6
WEIRD+e604eeed+2023-12-01-16h-52m-08s,2,142,157,524,6
WEIRD+e604eeed+2023-12-01-16h-52m-08s,3,162,185,524,6
WEIRD+e604eeed+2023-12-01-16h-52m-08s,4,199,368,524,6
WEIRD+e604eeed+2023-12-01-16h-52m-08s,5,405,524,524,6
WEIRD+e604eeed+2023-12-01-16h-52m-54s,1,541,544,909,3
WEIRD+e604eeed+2023-12-01-16h-52m-54s,2,655,909,909,3
WEIRD+e604eeed+2023-12-08-18h-14m-48s,1,387,480,560,3
WEIRD+e604eeed+2023-12-08-18h-14m-48s,2,497,560,560,3
WEIRD+e604eeed+2023-12-08-20h-51m-49s,1,660,867,867,2
WEIRD+e604eeed+2023-12-13-20h-42m-31s,1,543,721,721,2
WEIRD+f1c42455+2024-01-16-00h-49m-38s,1,107,220,1113,7
WEIRD+f1c42455+2024-01-16-00h-49m-38s,2,271,398,1113,7
WEIRD+f1c42455+2024-01-16-00h-49m-38s,3,412,523,1113,7
WEIRD+f1c42455+2024-01-16-00h-49m-38s,4,532,709,1113,7
WEIRD+f1c42455+2024-01-16-00h-49m-38s,5,713,1047,1113,7
WEIRD+f1c42455+2024-01-16-00h-49m-38s,6,1065,1113,1113,7
WEIRD+f61abce9+2023-11-29-20h-19m-08s,1,489,1611,1611,2
WEIRD+f61abce9+2023-12-06-18h-39m-49s,1,285,548,548,2
WEIRD+f61abce9+2023-12-08-19h-07m-22s,1,330,536,536,2
WEIRD+f61abce9+2023-12-09-17h-45m-41s,1,642,1820,1820,2
